Code,Year,Access to clean fuels cooking %,IDCFA
AFG,2000,8.8,2000AFG
AFG,2001,9.51,2001AFG
AFG,2002,10.39,2002AFG
AFG,2003,11.46,2003AFG
AFG,2004,12.43,2004AFG
AFG,2005,13.49,2005AFG
AFG,2006,14.81,2006AFG
AFG,2007,15.99,2007AFG
AFG,2008,17.44,2008AFG
AFG,2009,18.84,2009AFG
AFG,2010,20.68,2010AFG
AFG,2011,22.33,2011AFG
AFG,2012,24.08,2012AFG
AFG,2013,26.17,2013AFG
AFG,2014,27.99,2014AFG
AFG,2015,30.1,2015AFG
AFG,2016,32.44,2016AFG
ALB,2000,39.8,2000ALB
ALB,2001,42.7,2001ALB
ALB,2002,45.23,2002ALB
ALB,2003,47.62,2003ALB
ALB,2004,50.53,2004ALB
ALB,2005,53.25,2005ALB
ALB,2006,55.57,2006ALB
ALB,2007,58.14,2007ALB
ALB,2008,60.75,2008ALB
ALB,2009,63.24,2009ALB
ALB,2010,65.23,2010ALB
ALB,2011,67.81,2011ALB
ALB,2012,69.96,2012ALB
ALB,2013,71.78,2013ALB
ALB,2014,73.98,2014ALB
ALB,2015,75.37,2015ALB
ALB,2016,77.42,2016ALB
DZA,2000,86.47,2000DZA
DZA,2001,87.68,2001DZA
DZA,2002,88.87,2002DZA
DZA,2003,89.4,2003DZA
DZA,2004,90.3,2004DZA
DZA,2005,90.97,2005DZA
DZA,2006,91.09,2006DZA
DZA,2007,91.56,2007DZA
DZA,2008,92.06,2008DZA
DZA,2009,92.42,2009DZA
DZA,2010,92.41,2010DZA
DZA,2011,92.49,2011DZA
DZA,2012,92.47,2012DZA
DZA,2013,92.83,2013DZA
DZA,2014,93.1,2014DZA
DZA,2015,92.7,2015DZA
DZA,2016,92.62,2016DZA
AND,2000,100,2000AND
AND,2001,100,2001AND
AND,2002,100,2002AND
AND,2003,100,2003AND
AND,2004,100,2004AND
AND,2005,100,2005AND
AND,2006,100,2006AND
AND,2007,100,2007AND
AND,2008,100,2008AND
AND,2009,100,2009AND
AND,2010,100,2010AND
AND,2011,100,2011AND
AND,2012,100,2012AND
AND,2013,100,2013AND
AND,2014,100,2014AND
AND,2015,100,2015AND
AND,2016,100,2016AND
AGO,2000,37.27,2000AGO
AGO,2001,37.96,2001AGO
AGO,2002,38.49,2002AGO
AGO,2003,39.24,2003AGO
AGO,2004,39.94,2004AGO
AGO,2005,40.75,2005AGO
AGO,2006,41.39,2006AGO
AGO,2007,41.91,2007AGO
AGO,2008,42.58,2008AGO
AGO,2009,43.32,2009AGO
AGO,2010,44.1,2010AGO
AGO,2011,44.8,2011AGO
AGO,2012,45.36,2012AGO
AGO,2013,46.15,2013AGO
AGO,2014,46.67,2014AGO
AGO,2015,47.36,2015AGO
AGO,2016,48.05,2016AGO
ATG,2000,96.66,2000ATG
ATG,2001,96.97,2001ATG
ATG,2002,97.2,2002ATG
ATG,2003,97.4,2003ATG
ATG,2004,97.57,2004ATG
ATG,2005,97.7,2005ATG
ATG,2006,97.9,2006ATG
ATG,2007,98.03,2007ATG
ATG,2008,98.1,2008ATG
ATG,2009,98.24,2009ATG
ATG,2010,98.34,2010ATG
ATG,2011,98.43,2011ATG
ATG,2012,98.48,2012ATG
ATG,2013,98.55,2013ATG
ATG,2014,98.61,2014ATG
ATG,2015,98.67,2015ATG
ATG,2016,98.75,2016ATG
,2000,73.6758978,
,2001,74.92805884,
,2002,76.25540041,
,2003,77.12980454,
,2004,78.11414458,
,2005,79.08985884,
,2006,79.88324896,
,2007,80.60340138,
,2008,81.24389727,
,2009,81.84498228,
,2010,82.40764728,
,2011,82.8276357,
,2012,83.16922699,
,2013,83.58714087,
,2014,83.95429347,
,2015,84.2306295,
,2016,84.5704252,
ARG,2000,94.8,2000ARG
ARG,2001,95.21,2001ARG
ARG,2002,95.62,2002ARG
ARG,2003,96.02,2003ARG
ARG,2004,96.28,2004ARG
ARG,2005,96.68,2005ARG
ARG,2006,96.84,2006ARG
ARG,2007,97.02,2007ARG
ARG,2008,97.34,2008ARG
ARG,2009,97.49,2009ARG
ARG,2010,97.63,2010ARG
ARG,2011,97.82,2011ARG
ARG,2012,97.94,2012ARG
ARG,2013,98.1,2013ARG
ARG,2014,98.16,2014ARG
ARG,2015,98.29,2015ARG
ARG,2016,98.4,2016ARG
ARM,2000,81.97,2000ARM
ARM,2001,83.79,2001ARM
ARM,2002,85.48,2002ARM
ARM,2003,86.88,2003ARM
ARM,2004,88.6,2004ARM
ARM,2005,89.72,2005ARM
ARM,2006,90.91,2006ARM
ARM,2007,91.67,2007ARM
ARM,2008,92.55,2008ARM
ARM,2009,93.33,2009ARM
ARM,2010,94.04,2010ARM
ARM,2011,94.77,2011ARM
ARM,2012,95.1,2012ARM
ARM,2013,95.69,2013ARM
ARM,2014,96.12,2014ARM
ARM,2015,96.62,2015ARM
ARM,2016,96.9,2016ARM
AUS,2000,100,2000AUS
AUS,2001,100,2001AUS
AUS,2002,100,2002AUS
AUS,2003,100,2003AUS
AUS,2004,100,2004AUS
AUS,2005,100,2005AUS
AUS,2006,100,2006AUS
AUS,2007,100,2007AUS
AUS,2008,100,2008AUS
AUS,2009,100,2009AUS
AUS,2010,100,2010AUS
AUS,2011,100,2011AUS
AUS,2012,100,2012AUS
AUS,2013,100,2013AUS
AUS,2014,100,2014AUS
AUS,2015,100,2015AUS
AUS,2016,100,2016AUS
AUT,2000,100,2000AUT
AUT,2001,100,2001AUT
AUT,2002,100,2002AUT
AUT,2003,100,2003AUT
AUT,2004,100,2004AUT
AUT,2005,100,2005AUT
AUT,2006,100,2006AUT
AUT,2007,100,2007AUT
AUT,2008,100,2008AUT
AUT,2009,100,2009AUT
AUT,2010,100,2010AUT
AUT,2011,100,2011AUT
AUT,2012,100,2012AUT
AUT,2013,100,2013AUT
AUT,2014,100,2014AUT
AUT,2015,100,2015AUT
AUT,2016,100,2016AUT
AZE,2000,73.19,2000AZE
AZE,2001,76.11,2001AZE
AZE,2002,78.64,2002AZE
AZE,2003,80.9,2003AZE
AZE,2004,83.01,2004AZE
AZE,2005,84.79,2005AZE
AZE,2006,86.11,2006AZE
AZE,2007,87.67,2007AZE
AZE,2008,89.21,2008AZE
AZE,2009,90.38,2009AZE
AZE,2010,91.38,2010AZE
AZE,2011,92.25,2011AZE
AZE,2012,92.96,2012AZE
AZE,2013,93.71,2013AZE
AZE,2014,94.44,2014AZE
AZE,2015,95.1,2015AZE
AZE,2016,95.54,2016AZE
BHS,2000,100,2000BHS
BHS,2001,100,2001BHS
BHS,2002,100,2002BHS
BHS,2003,100,2003BHS
BHS,2004,100,2004BHS
BHS,2005,100,2005BHS
BHS,2006,100,2006BHS
BHS,2007,100,2007BHS
BHS,2008,100,2008BHS
BHS,2009,100,2009BHS
BHS,2010,100,2010BHS
BHS,2011,100,2011BHS
BHS,2012,100,2012BHS
BHS,2013,100,2013BHS
BHS,2014,100,2014BHS
BHS,2015,100,2015BHS
BHS,2016,100,2016BHS
BHR,2000,100,2000BHR
BHR,2001,100,2001BHR
BHR,2002,100,2002BHR
BHR,2003,100,2003BHR
BHR,2004,100,2004BHR
BHR,2005,100,2005BHR
BHR,2006,100,2006BHR
BHR,2007,100,2007BHR
BHR,2008,100,2008BHR
BHR,2009,100,2009BHR
BHR,2010,100,2010BHR
BHR,2011,100,2011BHR
BHR,2012,100,2012BHR
BHR,2013,100,2013BHR
BHR,2014,100,2014BHR
BHR,2015,100,2015BHR
BHR,2016,100,2016BHR
BGD,2000,7.24,2000BGD
BGD,2001,7.78,2001BGD
BGD,2002,8.16,2002BGD
BGD,2003,8.73,2003BGD
BGD,2004,9.2,2004BGD
BGD,2005,9.74,2005BGD
BGD,2006,10.36,2006BGD
BGD,2007,10.92,2007BGD
BGD,2008,11.59,2008BGD
BGD,2009,12.2,2009BGD
BGD,2010,12.9,2010BGD
BGD,2011,13.63,2011BGD
BGD,2012,14.33,2012BGD
BGD,2013,15.06,2013BGD
BGD,2014,15.96,2014BGD
BGD,2015,16.68,2015BGD
BGD,2016,17.72,2016BGD
BRB,2000,97.4,2000BRB
BRB,2001,97.66,2001BRB
BRB,2002,97.91,2002BRB
BRB,2003,98.16,2003BRB
BRB,2004,98.35,2004BRB
BRB,2005,98.49,2005BRB
BRB,2006,98.65,2006BRB
BRB,2007,98.8,2007BRB
BRB,2008,98.92,2008BRB
BRB,2009,99.01,2009BRB
BRB,2010,99.08,2010BRB
BRB,2011,99.17,2011BRB
BRB,2012,99.24,2012BRB
BRB,2013,99.3,2013BRB
BRB,2014,99.36,2014BRB
BRB,2015,99.41,2015BRB
BRB,2016,99.44,2016BRB
BLR,2000,93.69,2000BLR
BLR,2001,94.36,2001BLR
BLR,2002,94.84,2002BLR
BLR,2003,95.32,2003BLR
BLR,2004,95.7,2004BLR
BLR,2005,96.13,2005BLR
BLR,2006,96.43,2006BLR
BLR,2007,96.75,2007BLR
BLR,2008,96.93,2008BLR
BLR,2009,97.19,2009BLR
BLR,2010,97.43,2010BLR
BLR,2011,97.57,2011BLR
BLR,2012,97.69,2012BLR
BLR,2013,97.85,2013BLR
BLR,2014,97.91,2014BLR
BLR,2015,98.01,2015BLR
BLR,2016,98.18,2016BLR
BEL,2000,100,2000BEL
BEL,2001,100,2001BEL
BEL,2002,100,2002BEL
BEL,2003,100,2003BEL
BEL,2004,100,2004BEL
BEL,2005,100,2005BEL
BEL,2006,100,2006BEL
BEL,2007,100,2007BEL
BEL,2008,100,2008BEL
BEL,2009,100,2009BEL
BEL,2010,100,2010BEL
BEL,2011,100,2011BEL
BEL,2012,100,2012BEL
BEL,2013,100,2013BEL
BEL,2014,100,2014BEL
BEL,2015,100,2015BEL
BEL,2016,100,2016BEL
BLZ,2000,78.18,2000BLZ
BLZ,2001,78.87,2001BLZ
BLZ,2002,79.42,2002BLZ
BLZ,2003,80.01,2003BLZ
BLZ,2004,80.57,2004BLZ
BLZ,2005,80.98,2005BLZ
BLZ,2006,81.47,2006BLZ
BLZ,2007,82.07,2007BLZ
BLZ,2008,82.48,2008BLZ
BLZ,2009,82.82,2009BLZ
BLZ,2010,83.31,2010BLZ
BLZ,2011,83.78,2011BLZ
BLZ,2012,84.17,2012BLZ
BLZ,2013,84.54,2013BLZ
BLZ,2014,84.84,2014BLZ
BLZ,2015,85.18,2015BLZ
BLZ,2016,85.43,2016BLZ
BEN,2000,1.83,2000BEN
BEN,2001,2.06,2001BEN
BEN,2002,2.28,2002BEN
BEN,2003,2.58,2003BEN
BEN,2004,2.89,2004BEN
BEN,2005,3.24,2005BEN
BEN,2006,3.49,2006BEN
BEN,2007,3.91,2007BEN
BEN,2008,4.19,2008BEN
BEN,2009,4.46,2009BEN
BEN,2010,4.78,2010BEN
BEN,2011,4.99,2011BEN
BEN,2012,5.34,2012BEN
BEN,2013,5.58,2013BEN
BEN,2014,5.85,2014BEN
BEN,2015,6.06,2015BEN
BEN,2016,6.44,2016BEN
BTN,2000,31.67,2000BTN
BTN,2001,33.34,2001BTN
BTN,2002,35.16,2002BTN
BTN,2003,36.36,2003BTN
BTN,2004,38.11,2004BTN
BTN,2005,39.58,2005BTN
BTN,2006,40.85,2006BTN
BTN,2007,41.81,2007BTN
BTN,2008,43.54,2008BTN
BTN,2009,44.98,2009BTN
BTN,2010,46.33,2010BTN
BTN,2011,47.2,2011BTN
BTN,2012,48.11,2012BTN
BTN,2013,49.76,2013BTN
BTN,2014,50.65,2014BTN
BTN,2015,51.75,2015BTN
BTN,2016,52.5,2016BTN
BOL,2000,65.29,2000BOL
BOL,2001,66.5,2001BOL
BOL,2002,67.76,2002BOL
BOL,2003,69.01,2003BOL
BOL,2004,70.11,2004BOL
BOL,2005,71.49,2005BOL
BOL,2006,72.6,2006BOL
BOL,2007,73.66,2007BOL
BOL,2008,74.69,2008BOL
BOL,2009,75.8,2009BOL
BOL,2010,76.55,2010BOL
BOL,2011,77.59,2011BOL
BOL,2012,78.52,2012BOL
BOL,2013,79.5,2013BOL
BOL,2014,80.45,2014BOL
BOL,2015,62.55,2015BOL
BOL,2016,64,2016BOL
BIH,2000,38.07,2000BIH
BIH,2001,39.56,2001BIH
BIH,2002,41.48,2002BIH
BIH,2003,42.57,2003BIH
BIH,2004,44.63,2004BIH
BIH,2005,45.7,2005BIH
BIH,2006,47.63,2006BIH
BIH,2007,49.34,2007BIH
BIH,2008,50.79,2008BIH
BIH,2009,52.48,2009BIH
BIH,2010,54.24,2010BIH
BIH,2011,55.89,2011BIH
BIH,2012,57.44,2012BIH
BIH,2013,58.82,2013BIH
BIH,2014,60.38,2014BIH
BIH,2015,62.22,2015BIH
BIH,2016,63.38,2016BIH
BWA,2000,45.12,2000BWA
BWA,2001,46.53,2001BWA
BWA,2002,47.72,2002BWA
BWA,2003,49.24,2003BWA
BWA,2004,50.64,2004BWA
BWA,2005,52.01,2005BWA
BWA,2006,53,2006BWA
BWA,2007,54.39,2007BWA
BWA,2008,55.38,2008BWA
BWA,2009,56.73,2009BWA
BWA,2010,57.59,2010BWA
BWA,2011,58.72,2011BWA
BWA,2012,59.92,2012BWA
BWA,2013,61.05,2013BWA
BWA,2014,62.12,2014BWA
BWA,2015,63.15,2015BWA
BWA,2016,64.08,2016BWA
BRA,2000,86.91,2000BRA
BRA,2001,87.89,2001BRA
BRA,2002,88.8,2002BRA
BRA,2003,89.55,2003BRA
BRA,2004,90.3,2004BRA
BRA,2005,91.04,2005BRA
BRA,2006,91.67,2006BRA
BRA,2007,92.17,2007BRA
BRA,2008,92.73,2008BRA
BRA,2009,93.27,2009BRA
BRA,2010,93.66,2010BRA
BRA,2011,94.07,2011BRA
BRA,2012,94.48,2012BRA
BRA,2013,94.77,2013BRA
BRA,2014,95.1,2014BRA
BRA,2015,95.38,2015BRA
BRA,2016,95.59,2016BRA
BRN,2000,100,2000BRN
BRN,2001,100,2001BRN
BRN,2002,100,2002BRN
BRN,2003,100,2003BRN
BRN,2004,100,2004BRN
BRN,2005,100,2005BRN
BRN,2006,100,2006BRN
BRN,2007,100,2007BRN
BRN,2008,100,2008BRN
BRN,2009,100,2009BRN
BRN,2010,100,2010BRN
BRN,2011,100,2011BRN
BRN,2012,100,2012BRN
BRN,2013,100,2013BRN
BRN,2014,100,2014BRN
BRN,2015,100,2015BRN
BRN,2016,100,2016BRN
BGR,2000,64.96,2000BGR
BGR,2001,68.7,2001BGR
BGR,2002,72.09,2002BGR
BGR,2003,75.09,2003BGR
BGR,2004,77.62,2004BGR
BGR,2005,79.75,2005BGR
BGR,2006,81.48,2006BGR
BGR,2007,83,2007BGR
BGR,2008,84.2,2008BGR
BGR,2009,85.22,2009BGR
BGR,2010,86.04,2010BGR
BGR,2011,86.7,2011BGR
BGR,2012,87.27,2012BGR
BGR,2013,87.71,2013BGR
BGR,2014,88.11,2014BGR
BGR,2015,88.42,2015BGR
BGR,2016,88.65,2016BGR
BFA,2000,2.83,2000BFA
BFA,2001,3.06,2001BFA
BFA,2002,3.35,2002BFA
BFA,2003,3.57,2003BFA
BFA,2004,3.85,2004BFA
BFA,2005,4.21,2005BFA
BFA,2006,4.48,2006BFA
BFA,2007,4.8,2007BFA
BFA,2008,5.16,2008BFA
BFA,2009,5.51,2009BFA
BFA,2010,6.01,2010BFA
BFA,2011,6.43,2011BFA
BFA,2012,6.82,2012BFA
BFA,2013,7.33,2013BFA
BFA,2014,7.88,2014BFA
BFA,2015,8.46,2015BFA
BFA,2016,8.93,2016BFA
BDI,2000,0.62,2000BDI
BDI,2001,0.62,2001BDI
BDI,2002,0.63,2002BDI
BDI,2003,0.64,2003BDI
BDI,2004,0.65,2004BDI
BDI,2005,0.67,2005BDI
BDI,2006,0.67,2006BDI
BDI,2007,0.69,2007BDI
BDI,2008,0.7,2008BDI
BDI,2009,0.69,2009BDI
BDI,2010,0.72,2010BDI
BDI,2011,0.76,2011BDI
BDI,2012,0.77,2012BDI
BDI,2013,0.77,2013BDI
BDI,2014,0.81,2014BDI
BDI,2015,0.83,2015BDI
BDI,2016,0.85,2016BDI
KHM,2000,4.66,2000KHM
KHM,2001,5.18,2001KHM
KHM,2002,5.69,2002KHM
KHM,2003,6.22,2003KHM
KHM,2004,6.73,2004KHM
KHM,2005,7.35,2005KHM
KHM,2006,7.98,2006KHM
KHM,2007,8.72,2007KHM
KHM,2008,9.47,2008KHM
KHM,2009,10.32,2009KHM
KHM,2010,11.22,2010KHM
KHM,2011,12.02,2011KHM
KHM,2012,12.98,2012KHM
KHM,2013,14.05,2013KHM
KHM,2014,15.28,2014KHM
KHM,2015,16.36,2015KHM
KHM,2016,17.69,2016KHM
CMR,2000,9.88,2000CMR
CMR,2001,10.57,2001CMR
CMR,2002,11.27,2002CMR
CMR,2003,11.91,2003CMR
CMR,2004,12.64,2004CMR
CMR,2005,13.5,2005CMR
CMR,2006,14.13,2006CMR
CMR,2007,15.06,2007CMR
CMR,2008,15.87,2008CMR
CMR,2009,16.76,2009CMR
CMR,2010,17.6,2010CMR
CMR,2011,18.45,2011CMR
CMR,2012,19.44,2012CMR
CMR,2013,20.22,2013CMR
CMR,2014,21.06,2014CMR
CMR,2015,21.98,2015CMR
CMR,2016,23.04,2016CMR
CAN,2000,100,2000CAN
CAN,2001,100,2001CAN
CAN,2002,100,2002CAN
CAN,2003,100,2003CAN
CAN,2004,100,2004CAN
CAN,2005,100,2005CAN
CAN,2006,100,2006CAN
CAN,2007,100,2007CAN
CAN,2008,100,2008CAN
CAN,2009,100,2009CAN
CAN,2010,100,2010CAN
CAN,2011,100,2011CAN
CAN,2012,100,2012CAN
CAN,2013,100,2013CAN
CAN,2014,100,2014CAN
CAN,2015,100,2015CAN
CAN,2016,100,2016CAN
CPV,2000,56.79,2000CPV
CPV,2001,58.2,2001CPV
CPV,2002,59.38,2002CPV
CPV,2003,60.37,2003CPV
CPV,2004,61.44,2004CPV
CPV,2005,62.64,2005CPV
CPV,2006,63.4,2006CPV
CPV,2007,64.56,2007CPV
CPV,2008,65.39,2008CPV
CPV,2009,66.33,2009CPV
CPV,2010,67.17,2010CPV
CPV,2011,67.96,2011CPV
CPV,2012,68.49,2012CPV
CPV,2013,69.48,2013CPV
CPV,2014,70.06,2014CPV
CPV,2015,70.63,2015CPV
CPV,2016,71.05,2016CPV
,2000,78.31280462,
,2001,79.48673597,
,2002,80.65096811,
,2003,81.63024042,
,2004,82.73997912,
,2005,83.65595522,
,2006,84.58534046,
,2007,85.53639208,
,2008,86.35572493,
,2009,87.18430933,
,2010,87.92795603,
,2011,88.66608617,
,2012,89.26001383,
,2013,89.87938087,
,2014,90.49331231,
,2015,91.01359416,
,2016,91.50592308,
CAF,2000,0.57,2000CAF
CAF,2001,0.6,2001CAF
CAF,2002,0.6,2002CAF
CAF,2003,0.61,2003CAF
CAF,2004,0.64,2004CAF
CAF,2005,0.63,2005CAF
CAF,2006,0.69,2006CAF
CAF,2007,0.68,2007CAF
CAF,2008,0.73,2008CAF
CAF,2009,0.74,2009CAF
CAF,2010,0.78,2010CAF
CAF,2011,0.82,2011CAF
CAF,2012,0.84,2012CAF
CAF,2013,0.84,2013CAF
CAF,2014,0.87,2014CAF
CAF,2015,0.92,2015CAF
CAF,2016,0.97,2016CAF
,2000,87.48015516,
,2001,88.50432954,
,2002,89.43214528,
,2003,90.25147649,
,2004,90.99610946,
,2005,91.59747821,
,2006,92.20707882,
,2007,92.75210601,
,2008,93.25737922,
,2009,93.66584261,
,2010,94.04423668,
,2011,94.36780808,
,2012,94.66495731,
,2013,94.88477918,
,2014,95.13822721,
,2015,95.33511189,
,2016,95.48535836,
TCD,2000,3.29,2000TCD
TCD,2001,3.26,2001TCD
TCD,2002,3.28,2002TCD
TCD,2003,3.21,2003TCD
TCD,2004,3.22,2004TCD
TCD,2005,3.21,2005TCD
TCD,2006,3.19,2006TCD
TCD,2007,3.16,2007TCD
TCD,2008,3.23,2008TCD
TCD,2009,3.19,2009TCD
TCD,2010,3.14,2010TCD
TCD,2011,3.15,2011TCD
TCD,2012,3.18,2012TCD
TCD,2013,3.15,2013TCD
TCD,2014,3.13,2014TCD
TCD,2015,3.13,2015TCD
TCD,2016,3.13,2016TCD
CHL,2000,86.1,2000CHL
CHL,2001,86.65,2001CHL
CHL,2002,87.33,2002CHL
CHL,2003,87.88,2003CHL
CHL,2004,88.52,2004CHL
CHL,2005,88.95,2005CHL
CHL,2006,89.38,2006CHL
CHL,2007,89.87,2007CHL
CHL,2008,90.21,2008CHL
CHL,2009,90.53,2009CHL
CHL,2010,90.8,2010CHL
CHL,2011,91.15,2011CHL
CHL,2012,91.39,2012CHL
CHL,2013,91.67,2013CHL
CHL,2014,91.91,2014CHL
CHL,2015,92,2015CHL
CHL,2016,92.28,2016CHL
CHN,2000,46.78,2000CHN
CHN,2001,47.95,2001CHN
CHN,2002,48.61,2002CHN
CHN,2003,49.52,2003CHN
CHN,2004,50.04,2004CHN
CHN,2005,50.83,2005CHN
CHN,2006,51.8,2006CHN
CHN,2007,52.5,2007CHN
CHN,2008,53.37,2008CHN
CHN,2009,54.07,2009CHN
CHN,2010,54.91,2010CHN
CHN,2011,55.66,2011CHN
CHN,2012,56.4,2012CHN
CHN,2013,57.24,2013CHN
CHN,2014,57.8,2014CHN
CHN,2015,58.54,2015CHN
CHN,2016,59.26,2016CHN
COL,2000,79.58,2000COL
COL,2001,80.86,2001COL
COL,2002,81.88,2002COL
COL,2003,82.99,2003COL
COL,2004,83.86,2004COL
COL,2005,84.83,2005COL
COL,2006,85.69,2006COL
COL,2007,86.3,2007COL
COL,2008,87.24,2008COL
COL,2009,87.89,2009COL
COL,2010,88.49,2010COL
COL,2011,89.05,2011COL
COL,2012,89.62,2012COL
COL,2013,90.12,2013COL
COL,2014,90.87,2014COL
COL,2015,91.29,2015COL
COL,2016,91.79,2016COL
COM,2000,0.63,2000COM
COM,2001,0.75,2001COM
COM,2002,0.9,2002COM
COM,2003,1.06,2003COM
COM,2004,1.29,2004COM
COM,2005,1.53,2005COM
COM,2006,1.82,2006COM
COM,2007,2.11,2007COM
COM,2008,2.58,2008COM
COM,2009,3.12,2009COM
COM,2010,3.68,2010COM
COM,2011,4.31,2011COM
COM,2012,5.1,2012COM
COM,2013,6.06,2013COM
COM,2014,7.05,2014COM
COM,2015,8.15,2015COM
COM,2016,9.34,2016COM
COG,2000,10,2000COG
COG,2001,10.5,2001COG
COG,2002,11.08,2002COG
COG,2003,11.76,2003COG
COG,2004,12.52,2004COG
COG,2005,13.25,2005COG
COG,2006,14.07,2006COG
COG,2007,14.86,2007COG
COG,2008,15.71,2008COG
COG,2009,16.63,2009COG
COG,2010,17.53,2010COG
COG,2011,18.52,2011COG
COG,2012,19.64,2012COG
COG,2013,20.63,2013COG
COG,2014,21.59,2014COG
COG,2015,22.74,2015COG
COG,2016,24.13,2016COG
CRI,2000,87.8,2000CRI
CRI,2001,88.34,2001CRI
CRI,2002,88.76,2002CRI
CRI,2003,89.31,2003CRI
CRI,2004,89.65,2004CRI
CRI,2005,90.07,2005CRI
CRI,2006,90.55,2006CRI
CRI,2007,90.8,2007CRI
CRI,2008,91.2,2008CRI
CRI,2009,91.51,2009CRI
CRI,2010,91.89,2010CRI
CRI,2011,92.13,2011CRI
CRI,2012,92.53,2012CRI
CRI,2013,92.69,2013CRI
CRI,2014,92.91,2014CRI
CRI,2015,93.2,2015CRI
CRI,2016,93.45,2016CRI
CIV,2000,18.41056347,2000CIV
CIV,2001,18.53943467,2001CIV
CIV,2002,18.62071157,2002CIV
CIV,2003,18.66356134,2003CIV
CIV,2004,18.67715716,2004CIV
CIV,2005,18.67066026,2005CIV
CIV,2006,18.65323782,2006CIV
CIV,2007,18.63256097,2007CIV
CIV,2008,18.61026883,2008CIV
CIV,2009,18.58651042,2009CIV
CIV,2010,18.56144071,2010CIV
CIV,2011,18.53519082,2011CIV
CIV,2012,18.5079217,2012CIV
CIV,2013,18.47977638,2013CIV
CIV,2014,18.45089793,2014CIV
CIV,2015,17.96,2015CIV
CIV,2016,18.23,2016CIV
HRV,2000,80.41,2000HRV
HRV,2001,81.68,2001HRV
HRV,2002,82.85,2002HRV
HRV,2003,84.03,2003HRV
HRV,2004,85.07,2004HRV
HRV,2005,85.77,2005HRV
HRV,2006,86.93,2006HRV
HRV,2007,87.55,2007HRV
HRV,2008,88.48,2008HRV
HRV,2009,89.18,2009HRV
HRV,2010,89.91,2010HRV
HRV,2011,90.54,2011HRV
HRV,2012,90.91,2012HRV
HRV,2013,91.33,2013HRV
HRV,2014,91.96,2014HRV
HRV,2015,92.28,2015HRV
HRV,2016,92.7,2016HRV
CUB,2000,68.34,2000CUB
CUB,2001,69.42,2001CUB
CUB,2002,70.37,2002CUB
CUB,2003,71.31,2003CUB
CUB,2004,72.2,2004CUB
CUB,2005,73,2005CUB
CUB,2006,73.78,2006CUB
CUB,2007,74.61,2007CUB
CUB,2008,75.35,2008CUB
CUB,2009,75.86,2009CUB
CUB,2010,76.59,2010CUB
CUB,2011,77.01,2011CUB
CUB,2012,77.76,2012CUB
CUB,2013,78.2,2013CUB
CUB,2014,78.64,2014CUB
CUB,2015,79.04,2015CUB
CUB,2016,79.44,2016CUB
CYP,2000,100,2000CYP
CYP,2001,100,2001CYP
CYP,2002,100,2002CYP
CYP,2003,100,2003CYP
CYP,2004,100,2004CYP
CYP,2005,100,2005CYP
CYP,2006,100,2006CYP
CYP,2007,100,2007CYP
CYP,2008,100,2008CYP
CYP,2009,100,2009CYP
CYP,2010,100,2010CYP
CYP,2011,100,2011CYP
CYP,2012,100,2012CYP
CYP,2013,100,2013CYP
CYP,2014,100,2014CYP
CYP,2015,100,2015CYP
CYP,2016,100,2016CYP
CZE,2000,93.2,2000CZE
CZE,2001,93.82,2001CZE
CZE,2002,94.4,2002CZE
CZE,2003,94.83,2003CZE
CZE,2004,95.26,2004CZE
CZE,2005,95.65,2005CZE
CZE,2006,95.91,2006CZE
CZE,2007,96.19,2007CZE
CZE,2008,96.46,2008CZE
CZE,2009,96.68,2009CZE
CZE,2010,96.78,2010CZE
CZE,2011,96.77,2011CZE
CZE,2012,96.99,2012CZE
CZE,2013,97.07,2013CZE
CZE,2014,97.14,2014CZE
CZE,2015,97.17,2015CZE
CZE,2016,97.13,2016CZE
COD,2000,3.57,2000COD
COD,2001,3.62,2001COD
COD,2002,3.63,2002COD
COD,2003,3.61,2003COD
COD,2004,3.61,2004COD
COD,2005,3.62,2005COD
COD,2006,3.61,2006COD
COD,2007,3.65,2007COD
COD,2008,3.68,2008COD
COD,2009,3.73,2009COD
COD,2010,3.78,2010COD
COD,2011,3.84,2011COD
COD,2012,3.83,2012COD
COD,2013,3.9,2013COD
COD,2014,3.93,2014COD
COD,2015,3.94,2015COD
COD,2016,4.02,2016COD
DNK,2000,100,2000DNK
DNK,2001,100,2001DNK
DNK,2002,100,2002DNK
DNK,2003,100,2003DNK
DNK,2004,100,2004DNK
DNK,2005,100,2005DNK
DNK,2006,100,2006DNK
DNK,2007,100,2007DNK
DNK,2008,100,2008DNK
DNK,2009,100,2009DNK
DNK,2010,100,2010DNK
DNK,2011,100,2011DNK
DNK,2012,100,2012DNK
DNK,2013,100,2013DNK
DNK,2014,100,2014DNK
DNK,2015,100,2015DNK
DNK,2016,100,2016DNK
DJI,2000,5.3,2000DJI
DJI,2001,5.51,2001DJI
DJI,2002,5.74,2002DJI
DJI,2003,6.02,2003DJI
DJI,2004,6.23,2004DJI
DJI,2005,6.49,2005DJI
DJI,2006,6.85,2006DJI
DJI,2007,7.17,2007DJI
DJI,2008,7.59,2008DJI
DJI,2009,7.91,2009DJI
DJI,2010,8.38,2010DJI
DJI,2011,8.84,2011DJI
DJI,2012,9.25,2012DJI
DJI,2013,9.79,2013DJI
DJI,2014,10.29,2014DJI
DJI,2015,10.89,2015DJI
DJI,2016,11.52,2016DJI
DMA,2000,78.36,2000DMA
DMA,2001,79.5,2001DMA
DMA,2002,80.85,2002DMA
DMA,2003,81.69,2003DMA
DMA,2004,82.73,2004DMA
DMA,2005,83.74,2005DMA
DMA,2006,84.47,2006DMA
DMA,2007,85.29,2007DMA
DMA,2008,85.97,2008DMA
DMA,2009,86.86,2009DMA
DMA,2010,87.45,2010DMA
DMA,2011,88.01,2011DMA
DMA,2012,88.66,2012DMA
DMA,2013,89.19,2013DMA
DMA,2014,89.67,2014DMA
DMA,2015,90.06,2015DMA
DMA,2016,90.6,2016DMA
DOM,2000,80.23,2000DOM
DOM,2001,81.07,2001DOM
DOM,2002,81.79,2002DOM
DOM,2003,82.68,2003DOM
DOM,2004,83.43,2004DOM
DOM,2005,84.1,2005DOM
DOM,2006,84.73,2006DOM
DOM,2007,85.58,2007DOM
DOM,2008,86.2,2008DOM
DOM,2009,86.73,2009DOM
DOM,2010,87.31,2010DOM
DOM,2011,87.9,2011DOM
DOM,2012,88.4,2012DOM
DOM,2013,88.99,2013DOM
DOM,2014,89.5,2014DOM
DOM,2015,89.93,2015DOM
DOM,2016,90.41,2016DOM
,2000,32.09833601,
,2001,33.4484462,
,2002,34.585559,
,2003,35.57751627,
,2004,36.90139938,
,2005,37.99341901,
,2006,39.31717952,
,2007,40.56152405,
,2008,41.7946511,
,2009,42.8500733,
,2010,44.26197039,
,2011,45.34043067,
,2012,46.48764627,
,2013,47.58410565,
,2014,48.55932324,
,2015,49.43326383,
,2016,50.36887092,
,2000,45.17142115,
,2001,46.19316979,
,2002,46.96318737,
,2003,47.89970413,
,2004,48.68642669,
,2005,49.70307687,
,2006,50.89935641,
,2007,51.94909273,
,2008,53.17715612,
,2009,54.30459059,
,2010,55.50128532,
,2011,56.55715847,
,2012,57.63135547,
,2013,58.70825559,
,2014,59.5635947,
,2015,60.4641042,
,2016,61.28011745,
,2000,39.65603189,
,2001,40.82131868,
,2002,41.70544283,
,2003,42.78173381,
,2004,43.6861762,
,2005,44.85235473,
,2006,46.2073308,
,2007,47.39878894,
,2008,48.77401556,
,2009,50.04546974,
,2010,51.39279379,
,2011,52.59143129,
,2012,53.80273132,
,2013,55.02031182,
,2014,55.98467084,
,2015,57.0056687,
,2016,57.92523557,
,2000,39.19367843,
,2001,40.3487882,
,2002,41.22617875,
,2003,42.29119305,
,2004,43.1899262,
,2005,44.3470279,
,2006,45.69157285,
,2007,46.87409355,
,2008,48.23879164,
,2009,49.50324171,
,2010,50.84085526,
,2011,52.03203434,
,2012,53.23641184,
,2013,54.44630646,
,2014,55.4100627,
,2015,56.42421306,
,2016,57.34268156,
ECU,2000,87.18,2000ECU
ECU,2001,87.89,2001ECU
ECU,2002,88.85,2002ECU
ECU,2003,89.75,2003ECU
ECU,2004,90.29,2004ECU
ECU,2005,90.83,2005ECU
ECU,2006,91.62,2006ECU
ECU,2007,92.1,2007ECU
ECU,2008,92.57,2008ECU
ECU,2009,93.09,2009ECU
ECU,2010,93.57,2010ECU
ECU,2011,93.99,2011ECU
ECU,2012,94.39,2012ECU
ECU,2013,94.73,2013ECU
ECU,2014,95.02,2014ECU
ECU,2015,95.24,2015ECU
ECU,2016,95.58,2016ECU
EGY,2000,83.28,2000EGY
EGY,2001,85.24,2001EGY
EGY,2002,87.71,2002EGY
EGY,2003,88.85,2003EGY
EGY,2004,90.28,2004EGY
EGY,2005,91.98,2005EGY
EGY,2006,93.14,2006EGY
EGY,2007,94,2007EGY
EGY,2008,94.6,2008EGY
EGY,2009,95.34,2009EGY
EGY,2010,95.99,2010EGY
EGY,2011,96.27,2011EGY
EGY,2012,96.48,2012EGY
EGY,2013,96.85,2013EGY
EGY,2014,97.11,2014EGY
EGY,2015,97.31,2015EGY
EGY,2016,97.62,2016EGY
SLV,2000,56.51,2000SLV
SLV,2001,59.04,2001SLV
SLV,2002,61.49,2002SLV
SLV,2003,63.83,2003SLV
SLV,2004,66.11,2004SLV
SLV,2005,68.09,2005SLV
SLV,2006,70.27,2006SLV
SLV,2007,72.29,2007SLV
SLV,2008,74.16,2008SLV
SLV,2009,75.76,2009SLV
SLV,2010,77.68,2010SLV
SLV,2011,79.15,2011SLV
SLV,2012,80.64,2012SLV
SLV,2013,82.34,2013SLV
SLV,2014,83.52,2014SLV
SLV,2015,84.71,2015SLV
SLV,2016,86,2016SLV
GNQ,2000,22.97,2000GNQ
GNQ,2001,23.27,2001GNQ
GNQ,2002,24.33,2002GNQ
GNQ,2003,24.82,2003GNQ
GNQ,2004,25.71,2004GNQ
GNQ,2005,26.39,2005GNQ
GNQ,2006,27.12,2006GNQ
GNQ,2007,28.23,2007GNQ
GNQ,2008,28.83,2008GNQ
GNQ,2009,29.64,2009GNQ
GNQ,2010,30.58,2010GNQ
GNQ,2011,31.1,2011GNQ
GNQ,2012,31.51,2012GNQ
GNQ,2013,32.97,2013GNQ
GNQ,2014,33.75,2014GNQ
GNQ,2015,34,2015GNQ
GNQ,2016,34.39,2016GNQ
ERI,2000,6.08,2000ERI
ERI,2001,6.49,2001ERI
ERI,2002,7.07,2002ERI
ERI,2003,7.56,2003ERI
ERI,2004,7.88,2004ERI
ERI,2005,8.76,2005ERI
ERI,2006,9.3,2006ERI
ERI,2007,9.96,2007ERI
ERI,2008,10.58,2008ERI
ERI,2009,11.37,2009ERI
ERI,2010,12.13,2010ERI
ERI,2011,12.73,2011ERI
ERI,2012,13.4,2012ERI
ERI,2013,14.01,2013ERI
ERI,2014,14.78,2014ERI
ERI,2015,15.6,2015ERI
ERI,2016,16.32,2016ERI
EST,2000,79.41,2000EST
EST,2001,81,2001EST
EST,2002,82.27,2002EST
EST,2003,83.25,2003EST
EST,2004,84.79,2004EST
EST,2005,85.64,2005EST
EST,2006,86.64,2006EST
EST,2007,87.58,2007EST
EST,2008,88.38,2008EST
EST,2009,89.26,2009EST
EST,2010,90.04,2010EST
EST,2011,90.54,2011EST
EST,2012,91.18,2012EST
EST,2013,91.65,2013EST
EST,2014,92.14,2014EST
EST,2015,92.61,2015EST
EST,2016,92.89,2016EST
SWZ,2000,27.24,2000SWZ
SWZ,2001,28.72,2001SWZ
SWZ,2002,29.98,2002SWZ
SWZ,2003,31.63,2003SWZ
SWZ,2004,32.96,2004SWZ
SWZ,2005,34.57,2005SWZ
SWZ,2006,35.93,2006SWZ
SWZ,2007,37.26,2007SWZ
SWZ,2008,38.78,2008SWZ
SWZ,2009,40.01,2009SWZ
SWZ,2010,41.57,2010SWZ
SWZ,2011,42.82,2011SWZ
SWZ,2012,44.49,2012SWZ
SWZ,2013,45.73,2013SWZ
SWZ,2014,47.15,2014SWZ
SWZ,2015,48.52,2015SWZ
SWZ,2016,49.7,2016SWZ
ETH,2000,1.07,2000ETH
ETH,2001,1.18,2001ETH
ETH,2002,1.31,2002ETH
ETH,2003,1.46,2003ETH
ETH,2004,1.58,2004ETH
ETH,2005,1.79,2005ETH
ETH,2006,1.96,2006ETH
ETH,2007,2.1,2007ETH
ETH,2008,2.36,2008ETH
ETH,2009,2.51,2009ETH
ETH,2010,2.69,2010ETH
ETH,2011,2.82,2011ETH
ETH,2012,3.01,2012ETH
ETH,2013,3.11,2013ETH
ETH,2014,3.25,2014ETH
ETH,2015,3.4,2015ETH
ETH,2016,3.51,2016ETH
,2000,99.2366245,
,2001,99.29748797,
,2002,99.35117854,
,2003,99.40317435,
,2004,99.44861918,
,2005,99.48453987,
,2006,99.52041406,
,2007,99.55019107,
,2008,99.57923703,
,2009,99.60298641,
,2010,99.62387468,
,2011,99.63648868,
,2012,99.65265448,
,2013,99.66475479,
,2014,99.67659107,
,2015,99.68443386,
,2016,99.68698742,
,2000,92.27278567,
,2001,92.81981392,
,2002,93.3362889,
,2003,93.79277426,
,2004,94.22131356,
,2005,94.61690874,
,2006,95.00129445,
,2007,95.33119655,
,2008,95.65599318,
,2009,95.92050139,
,2010,96.1894792,
,2011,96.41386096,
,2012,96.62716062,
,2013,96.81827033,
,2014,97.0160534,
,2015,97.18031849,
,2016,97.31806411,
,2000,84.22424268,
,2001,85.2799547,
,2002,86.27578838,
,2003,87.15990984,
,2004,87.99774582,
,2005,88.78074512,
,2006,89.55162772,
,2007,90.21135165,
,2008,90.87038726,
,2009,91.41922208,
,2010,91.98852632,
,2011,92.48450821,
,2012,92.93388088,
,2013,93.34019393,
,2014,93.76124039,
,2015,94.11434715,
,2016,94.41551272,
,2000,82.4340533,
,2001,83.60479412,
,2002,84.70957743,
,2003,85.69098422,
,2004,86.62306882,
,2005,87.49815191,
,2006,88.35420268,
,2007,89.09238985,
,2008,89.82595739,
,2009,90.43925827,
,2010,91.07886079,
,2011,91.63265225,
,2012,92.13794698,
,2013,92.59448711,
,2014,93.0645241,
,2015,93.46159368,
,2016,93.79822311,
,2000,96.95863738,
,2001,97.22586598,
,2002,97.46596676,
,2003,97.676347,
,2004,97.86482391,
,2005,98.01950563,
,2006,98.17143308,
,2007,98.30815506,
,2008,98.43247801,
,2009,98.53169457,
,2010,98.62519422,
,2011,98.69862759,
,2012,98.77060234,
,2013,98.82513116,
,2014,98.88599,
,2015,98.93420062,
,2016,98.97008252,
FJI,2000,31.13,2000FJI
FJI,2001,31.58,2001FJI
FJI,2002,32.43,2002FJI
FJI,2003,32.91,2003FJI
FJI,2004,33.47,2004FJI
FJI,2005,33.98,2005FJI
FJI,2006,34.69,2006FJI
FJI,2007,35.39,2007FJI
FJI,2008,35.8,2008FJI
FJI,2009,36.33,2009FJI
FJI,2010,36.91,2010FJI
FJI,2011,37.47,2011FJI
FJI,2012,37.93,2012FJI
FJI,2013,38.32,2013FJI
FJI,2014,38.83,2014FJI
FJI,2015,39.16,2015FJI
FJI,2016,39.56,2016FJI
FIN,2000,100,2000FIN
FIN,2001,100,2001FIN
FIN,2002,100,2002FIN
FIN,2003,100,2003FIN
FIN,2004,100,2004FIN
FIN,2005,100,2005FIN
FIN,2006,100,2006FIN
FIN,2007,100,2007FIN
FIN,2008,100,2008FIN
FIN,2009,100,2009FIN
FIN,2010,100,2010FIN
FIN,2011,100,2011FIN
FIN,2012,100,2012FIN
FIN,2013,100,2013FIN
FIN,2014,100,2014FIN
FIN,2015,100,2015FIN
FIN,2016,100,2016FIN
,2000,19.08661638,
,2001,19.64375237,
,2002,20.19232318,
,2003,20.69057134,
,2004,21.17083135,
,2005,21.70486656,
,2006,22.2266739,
,2007,22.7483697,
,2008,23.261054,
,2009,23.73715505,
,2010,24.22742424,
,2011,24.65706335,
,2012,25.15127763,
,2013,25.5772041,
,2014,25.94181375,
,2015,26.37358337,
,2016,26.90167804,
FRA,2000,100,2000FRA
FRA,2001,100,2001FRA
FRA,2002,100,2002FRA
FRA,2003,100,2003FRA
FRA,2004,100,2004FRA
FRA,2005,100,2005FRA
FRA,2006,100,2006FRA
FRA,2007,100,2007FRA
FRA,2008,100,2008FRA
FRA,2009,100,2009FRA
FRA,2010,100,2010FRA
FRA,2011,100,2011FRA
FRA,2012,100,2012FRA
FRA,2013,100,2013FRA
FRA,2014,100,2014FRA
FRA,2015,100,2015FRA
FRA,2016,100,2016FRA
GAB,2000,58.72,2000GAB
GAB,2001,60.59,2001GAB
GAB,2002,62.4,2002GAB
GAB,2003,64.33,2003GAB
GAB,2004,65.35,2004GAB
GAB,2005,67.19,2005GAB
GAB,2006,68.85,2006GAB
GAB,2007,69.84,2007GAB
GAB,2008,71.14,2008GAB
GAB,2009,72.06,2009GAB
GAB,2010,73.57,2010GAB
GAB,2011,74.64,2011GAB
GAB,2012,75.75,2012GAB
GAB,2013,76.53,2013GAB
GAB,2014,77.3,2014GAB
GAB,2015,78.13,2015GAB
GAB,2016,79.12,2016GAB
GMB,2000,3.19,2000GMB
GMB,2001,3.17,2001GMB
GMB,2002,3.17,2002GMB
GMB,2003,3.16,2003GMB
GMB,2004,3.18,2004GMB
GMB,2005,3.15,2005GMB
GMB,2006,3.19,2006GMB
GMB,2007,3.14,2007GMB
GMB,2008,3.16,2008GMB
GMB,2009,3.22,2009GMB
GMB,2010,3.18,2010GMB
GMB,2011,3.24,2011GMB
GMB,2012,3.2,2012GMB
GMB,2013,3.26,2013GMB
GMB,2014,3.27,2014GMB
GMB,2015,3.23,2015GMB
GMB,2016,3.3,2016GMB
GEO,2000,41.19,2000GEO
GEO,2001,43.74,2001GEO
GEO,2002,46.15,2002GEO
GEO,2003,48.62,2003GEO
GEO,2004,51.27,2004GEO
GEO,2005,53.61,2005GEO
GEO,2006,56.49,2006GEO
GEO,2007,58.89,2007GEO
GEO,2008,61.46,2008GEO
GEO,2009,63.75,2009GEO
GEO,2010,66.26,2010GEO
GEO,2011,68.57,2011GEO
GEO,2012,70.47,2012GEO
GEO,2013,72.26,2013GEO
GEO,2014,74.35,2014GEO
GEO,2015,76.36,2015GEO
GEO,2016,77.79,2016GEO
DEU,2000,100,2000DEU
DEU,2001,100,2001DEU
DEU,2002,100,2002DEU
DEU,2003,100,2003DEU
DEU,2004,100,2004DEU
DEU,2005,100,2005DEU
DEU,2006,100,2006DEU
DEU,2007,100,2007DEU
DEU,2008,100,2008DEU
DEU,2009,100,2009DEU
DEU,2010,100,2010DEU
DEU,2011,100,2011DEU
DEU,2012,100,2012DEU
DEU,2013,100,2013DEU
DEU,2014,100,2014DEU
DEU,2015,100,2015DEU
DEU,2016,100,2016DEU
GHA,2000,5.89,2000GHA
GHA,2001,6.48,2001GHA
GHA,2002,7.15,2002GHA
GHA,2003,7.76,2003GHA
GHA,2004,8.54,2004GHA
GHA,2005,9.44,2005GHA
GHA,2006,10.17,2006GHA
GHA,2007,11.04,2007GHA
GHA,2008,12.07,2008GHA
GHA,2009,13.11,2009GHA
GHA,2010,14.05,2010GHA
GHA,2011,15.11,2011GHA
GHA,2012,16.43,2012GHA
GHA,2013,17.58,2013GHA
GHA,2014,18.82,2014GHA
GHA,2015,20.37,2015GHA
GHA,2016,21.71,2016GHA
GRC,2000,88.2,2000GRC
GRC,2001,89.16,2001GRC
GRC,2002,89.83,2002GRC
GRC,2003,90.58,2003GRC
GRC,2004,91.19,2004GRC
GRC,2005,91.77,2005GRC
GRC,2006,92.26,2006GRC
GRC,2007,92.66,2007GRC
GRC,2008,92.98,2008GRC
GRC,2009,93.3,2009GRC
GRC,2010,93.63,2010GRC
GRC,2011,93.77,2011GRC
GRC,2012,93.98,2012GRC
GRC,2013,94.1,2013GRC
GRC,2014,94.22,2014GRC
GRC,2015,94.31,2015GRC
GRC,2016,94.29,2016GRC
GRD,2000,92.93,2000GRD
GRD,2001,93.39,2001GRD
GRD,2002,93.84,2002GRD
GRD,2003,94.18,2003GRD
GRD,2004,94.59,2004GRD
GRD,2005,94.82,2005GRD
GRD,2006,95.11,2006GRD
GRD,2007,95.33,2007GRD
GRD,2008,95.56,2008GRD
GRD,2009,95.73,2009GRD
GRD,2010,95.89,2010GRD
GRD,2011,96.08,2011GRD
GRD,2012,96.22,2012GRD
GRD,2013,96.4,2013GRD
GRD,2014,96.46,2014GRD
GRD,2015,96.5,2015GRD
GRD,2016,96.58,2016GRD
GTM,2000,39.34,2000GTM
GTM,2001,39.75,2001GTM
GTM,2002,40.11,2002GTM
GTM,2003,40.71,2003GTM
GTM,2004,40.94,2004GTM
GTM,2005,41.56,2005GTM
GTM,2006,41.93,2006GTM
GTM,2007,42.35,2007GTM
GTM,2008,42.8,2008GTM
GTM,2009,43.19,2009GTM
GTM,2010,43.42,2010GTM
GTM,2011,43.94,2011GTM
GTM,2012,44.24,2012GTM
GTM,2013,44.46,2013GTM
GTM,2014,44.88,2014GTM
GTM,2015,45.06,2015GTM
GTM,2016,45.23,2016GTM
GIN,2000,1.15,2000GIN
GIN,2001,1.19,2001GIN
GIN,2002,1.18,2002GIN
GIN,2003,1.21,2003GIN
GIN,2004,1.25,2004GIN
GIN,2005,1.19,2005GIN
GIN,2006,1.23,2006GIN
GIN,2007,1.25,2007GIN
GIN,2008,1.26,2008GIN
GIN,2009,1.23,2009GIN
GIN,2010,1.22,2010GIN
GIN,2011,1.24,2011GIN
GIN,2012,1.26,2012GIN
GIN,2013,1.23,2013GIN
GIN,2014,1.25,2014GIN
GIN,2015,1.24,2015GIN
GIN,2016,1.24,2016GIN
GNB,2000,1.38,2000GNB
GNB,2001,1.35,2001GNB
GNB,2002,1.39,2002GNB
GNB,2003,1.39,2003GNB
GNB,2004,1.35,2004GNB
GNB,2005,1.39,2005GNB
GNB,2006,1.4,2006GNB
GNB,2007,1.41,2007GNB
GNB,2008,1.39,2008GNB
GNB,2009,1.44,2009GNB
GNB,2010,1.46,2010GNB
GNB,2011,1.43,2011GNB
GNB,2012,1.44,2012GNB
GNB,2013,1.46,2013GNB
GNB,2014,1.5,2014GNB
GNB,2015,1.46,2015GNB
GNB,2016,1.52,2016GNB
GUY,2000,36.33,2000GUY
GUY,2001,38.72,2001GUY
GUY,2002,41.52,2002GUY
GUY,2003,43.89,2003GUY
GUY,2004,46.48,2004GUY
GUY,2005,48.99,2005GUY
GUY,2006,51.81,2006GUY
GUY,2007,54.33,2007GUY
GUY,2008,57.03,2008GUY
GUY,2009,59.48,2009GUY
GUY,2010,61.85,2010GUY
GUY,2011,64.31,2011GUY
GUY,2012,66.38,2012GUY
GUY,2013,68.64,2013GUY
GUY,2014,70.79,2014GUY
GUY,2015,72.59,2015GUY
GUY,2016,74.48,2016GUY
HTI,2000,3.22,2000HTI
HTI,2001,3.29,2001HTI
HTI,2002,3.33,2002HTI
HTI,2003,3.34,2003HTI
HTI,2004,3.46,2004HTI
HTI,2005,3.54,2005HTI
HTI,2006,3.56,2006HTI
HTI,2007,3.59,2007HTI
HTI,2008,3.75,2008HTI
HTI,2009,3.8,2009HTI
HTI,2010,3.86,2010HTI
HTI,2011,3.92,2011HTI
HTI,2012,4.01,2012HTI
HTI,2013,4.1,2013HTI
HTI,2014,4.17,2014HTI
HTI,2015,4.27,2015HTI
HTI,2016,4.34,2016HTI
,2000,6.782598728,
,2001,7.0052443,
,2002,7.275706173,
,2003,7.523780162,
,2004,7.790767847,
,2005,8.093334162,
,2006,8.381863686,
,2007,8.665555013,
,2008,8.9897506,
,2009,9.287599653,
,2010,9.638149119,
,2011,9.97948361,
,2012,10.31155622,
,2013,10.66268256,
,2014,11.02461049,
,2015,11.11628064,
,2016,11.52695792,
,2000,98.86648264,
,2001,98.93236874,
,2002,98.99391336,
,2003,99.04763694,
,2004,99.09836607,
,2005,99.13655787,
,2006,99.17232288,
,2007,99.20293135,
,2008,99.24261864,
,2009,99.26283138,
,2010,99.28973643,
,2011,99.3034377,
,2012,99.32306788,
,2013,99.338286,
,2014,99.34785178,
,2015,99.35371261,
,2016,99.36203843,
HND,2000,29.93,2000HND
HND,2001,31.66,2001HND
HND,2002,33.44,2002HND
HND,2003,35.23,2003HND
HND,2004,36.93,2004HND
HND,2005,38.43,2005HND
HND,2006,40.04,2006HND
HND,2007,41.46,2007HND
HND,2008,42.9,2008HND
HND,2009,44.28,2009HND
HND,2010,45.59,2010HND
HND,2011,46.89,2011HND
HND,2012,48.31,2012HND
HND,2013,49.51,2013HND
HND,2014,50.68,2014HND
HND,2015,51.87,2015HND
HND,2016,53.1,2016HND
HUN,2000,100,2000HUN
HUN,2001,100,2001HUN
HUN,2002,100,2002HUN
HUN,2003,100,2003HUN
HUN,2004,100,2004HUN
HUN,2005,100,2005HUN
HUN,2006,100,2006HUN
HUN,2007,100,2007HUN
HUN,2008,100,2008HUN
HUN,2009,100,2009HUN
HUN,2010,100,2010HUN
HUN,2011,100,2011HUN
HUN,2012,100,2012HUN
HUN,2013,100,2013HUN
HUN,2014,100,2014HUN
HUN,2015,100,2015HUN
HUN,2016,100,2016HUN
,2000,47.44619826,
,2001,48.72467664,
,2002,49.7088172,
,2003,50.67085277,
,2004,51.70388105,
,2005,52.68753079,
,2006,53.86008419,
,2007,54.87488111,
,2008,55.95178898,
,2009,56.86749231,
,2010,58.03640573,
,2011,58.96829808,
,2012,59.95676544,
,2013,60.93281546,
,2014,61.74110884,
,2015,62.51924138,
,2016,63.32307963,
,2000,39.83917795,
,2001,40.86275033,
,2002,41.64484396,
,2003,42.40602387,
,2004,43.22842161,
,2005,44.00514936,
,2006,44.9328878,
,2007,45.73631335,
,2008,46.58927194,
,2009,47.30723086,
,2010,48.23013408,
,2011,48.9620871,
,2012,49.75704685,
,2013,50.51458838,
,2014,51.14866863,
,2015,51.76357995,
,2016,52.40073647,
,2000,17.29237076,
,2001,18.01015743,
,2002,18.60849114,
,2003,19.18434779,
,2004,19.89389666,
,2005,20.45159553,
,2006,21.07172028,
,2007,21.71979087,
,2008,22.37369237,
,2009,22.97718772,
,2010,23.73140619,
,2011,24.4678758,
,2012,25.17441824,
,2013,25.89264123,
,2014,26.63847266,
,2015,27.42274256,
,2016,28.1234795,
,2000,9.942469766,
,2001,10.27886082,
,2002,10.63229531,
,2003,10.99572118,
,2004,11.35544615,
,2005,11.75816739,
,2006,12.18614535,
,2007,12.60660404,
,2008,13.05392318,
,2009,13.46613681,
,2010,13.91120697,
,2011,14.31489467,
,2012,14.69315336,
,2013,15.07613546,
,2014,15.4818267,
,2015,15.90563855,
,2016,16.40046402,
,2000,12.38891527,
,2001,12.84823278,
,2002,13.27862214,
,2003,13.70798947,
,2004,14.17940085,
,2005,14.63003173,
,2006,15.11905134,
,2007,15.61323056,
,2008,16.12830038,
,2009,16.60403092,
,2010,17.15375207,
,2011,17.6705444,
,2012,18.17038937,
,2013,18.66694889,
,2014,19.18791503,
,2015,19.73337616,
,2016,20.29790362,
ISL,2000,100,2000ISL
ISL,2001,100,2001ISL
ISL,2002,100,2002ISL
ISL,2003,100,2003ISL
ISL,2004,100,2004ISL
ISL,2005,100,2005ISL
ISL,2006,100,2006ISL
ISL,2007,100,2007ISL
ISL,2008,100,2008ISL
ISL,2009,100,2009ISL
ISL,2010,100,2010ISL
ISL,2011,100,2011ISL
ISL,2012,100,2012ISL
ISL,2013,100,2013ISL
ISL,2014,100,2014ISL
ISL,2015,100,2015ISL
ISL,2016,100,2016ISL
IND,2000,22.15,2000IND
IND,2001,23.85,2001IND
IND,2002,25.01,2002IND
IND,2003,25.93,2003IND
IND,2004,27.41,2004IND
IND,2005,28.34,2005IND
IND,2006,29.74,2006IND
IND,2007,30.95,2007IND
IND,2008,32.06,2008IND
IND,2009,32.82,2009IND
IND,2010,34.4,2010IND
IND,2011,35.42,2011IND
IND,2012,36.64,2012IND
IND,2013,37.81,2013IND
IND,2014,38.8,2014IND
IND,2015,39.88,2015IND
IND,2016,41.04,2016IND
IDN,2000,5.42,2000IDN
IDN,2001,6.93,2001IDN
IDN,2002,9.05,2002IDN
IDN,2003,11.29,2003IDN
IDN,2004,14.41,2004IDN
IDN,2005,18.1,2005IDN
IDN,2006,21.99,2006IDN
IDN,2007,26.28,2007IDN
IDN,2008,31.03,2008IDN
IDN,2009,35.7,2009IDN
IDN,2010,40.19,2010IDN
IDN,2011,43.93,2011IDN
IDN,2012,47.73,2012IDN
IDN,2013,51.13,2013IDN
IDN,2014,54.17,2014IDN
IDN,2015,56.49,2015IDN
IDN,2016,58.37,2016IDN
IRN,2000,85.68,2000IRN
IRN,2001,88.14,2001IRN
IRN,2002,90.14,2002IRN
IRN,2003,91.74,2003IRN
IRN,2004,93.21,2004IRN
IRN,2005,94.25,2005IRN
IRN,2006,95.26,2006IRN
IRN,2007,95.88,2007IRN
IRN,2008,96.5,2008IRN
IRN,2009,96.98,2009IRN
IRN,2010,97.36,2010IRN
IRN,2011,97.63,2011IRN
IRN,2012,97.89,2012IRN
IRN,2013,98.12,2013IRN
IRN,2014,98.29,2014IRN
IRN,2015,98.42,2015IRN
IRN,2016,98.49,2016IRN
IRQ,2000,74.95,2000IRQ
IRQ,2001,78.65,2001IRQ
IRQ,2002,81.76,2002IRQ
IRQ,2003,84.63,2003IRQ
IRQ,2004,86.96,2004IRQ
IRQ,2005,89.01,2005IRQ
IRQ,2006,90.77,2006IRQ
IRQ,2007,92.14,2007IRQ
IRQ,2008,93.38,2008IRQ
IRQ,2009,94.24,2009IRQ
IRQ,2010,95.1,2010IRQ
IRQ,2011,95.72,2011IRQ
IRQ,2012,96.18,2012IRQ
IRQ,2013,96.71,2013IRQ
IRQ,2014,97.04,2014IRQ
IRQ,2015,97.39,2015IRQ
IRQ,2016,97.63,2016IRQ
IRL,2000,100,2000IRL
IRL,2001,100,2001IRL
IRL,2002,100,2002IRL
IRL,2003,100,2003IRL
IRL,2004,100,2004IRL
IRL,2005,100,2005IRL
IRL,2006,100,2006IRL
IRL,2007,100,2007IRL
IRL,2008,100,2008IRL
IRL,2009,100,2009IRL
IRL,2010,100,2010IRL
IRL,2011,100,2011IRL
IRL,2012,100,2012IRL
IRL,2013,100,2013IRL
IRL,2014,100,2014IRL
IRL,2015,100,2015IRL
IRL,2016,100,2016IRL
ISR,2000,100,2000ISR
ISR,2001,100,2001ISR
ISR,2002,100,2002ISR
ISR,2003,100,2003ISR
ISR,2004,100,2004ISR
ISR,2005,100,2005ISR
ISR,2006,100,2006ISR
ISR,2007,100,2007ISR
ISR,2008,100,2008ISR
ISR,2009,100,2009ISR
ISR,2010,100,2010ISR
ISR,2011,100,2011ISR
ISR,2012,100,2012ISR
ISR,2013,100,2013ISR
ISR,2014,100,2014ISR
ISR,2015,100,2015ISR
ISR,2016,100,2016ISR
ITA,2000,100,2000ITA
ITA,2001,100,2001ITA
ITA,2002,100,2002ITA
ITA,2003,100,2003ITA
ITA,2004,100,2004ITA
ITA,2005,100,2005ITA
ITA,2006,100,2006ITA
ITA,2007,100,2007ITA
ITA,2008,100,2008ITA
ITA,2009,100,2009ITA
ITA,2010,100,2010ITA
ITA,2011,100,2011ITA
ITA,2012,100,2012ITA
ITA,2013,100,2013ITA
ITA,2014,100,2014ITA
ITA,2015,100,2015ITA
ITA,2016,100,2016ITA
JAM,2000,73.16,2000JAM
JAM,2001,74.88,2001JAM
JAM,2002,76.48,2002JAM
JAM,2003,77.81,2003JAM
JAM,2004,79.36,2004JAM
JAM,2005,80.57,2005JAM
JAM,2006,81.72,2006JAM
JAM,2007,82.99,2007JAM
JAM,2008,83.97,2008JAM
JAM,2009,85.08,2009JAM
JAM,2010,86,2010JAM
JAM,2011,86.94,2011JAM
JAM,2012,87.67,2012JAM
JAM,2013,88.43,2013JAM
JAM,2014,89.22,2014JAM
JAM,2015,89.89,2015JAM
JAM,2016,90.5,2016JAM
JPN,2000,100,2000JPN
JPN,2001,100,2001JPN
JPN,2002,100,2002JPN
JPN,2003,100,2003JPN
JPN,2004,100,2004JPN
JPN,2005,100,2005JPN
JPN,2006,100,2006JPN
JPN,2007,100,2007JPN
JPN,2008,100,2008JPN
JPN,2009,100,2009JPN
JPN,2010,100,2010JPN
JPN,2011,100,2011JPN
JPN,2012,100,2012JPN
JPN,2013,100,2013JPN
JPN,2014,100,2014JPN
JPN,2015,100,2015JPN
JPN,2016,100,2016JPN
JOR,2000,97.28,2000JOR
JOR,2001,97.59,2001JOR
JOR,2002,97.69,2002JOR
JOR,2003,97.98,2003JOR
JOR,2004,98.11,2004JOR
JOR,2005,98.24,2005JOR
JOR,2006,98.37,2006JOR
JOR,2007,98.41,2007JOR
JOR,2008,98.56,2008JOR
JOR,2009,98.65,2009JOR
JOR,2010,98.74,2010JOR
JOR,2011,98.84,2011JOR
JOR,2012,98.9,2012JOR
JOR,2013,98.95,2013JOR
JOR,2014,98.94,2014JOR
JOR,2015,99.04,2015JOR
JOR,2016,99.06,2016JOR
KAZ,2000,82.85,2000KAZ
KAZ,2001,84.31,2001KAZ
KAZ,2002,85.55,2002KAZ
KAZ,2003,86.59,2003KAZ
KAZ,2004,87.73,2004KAZ
KAZ,2005,88.76,2005KAZ
KAZ,2006,89.6,2006KAZ
KAZ,2007,90.52,2007KAZ
KAZ,2008,91.42,2008KAZ
KAZ,2009,91.82,2009KAZ
KAZ,2010,92.68,2010KAZ
KAZ,2011,93.08,2011KAZ
KAZ,2012,93.57,2012KAZ
KAZ,2013,94.12,2013KAZ
KAZ,2014,94.64,2014KAZ
KAZ,2015,95.07,2015KAZ
KAZ,2016,95.34,2016KAZ
KEN,2000,1.99,2000KEN
KEN,2001,2.35,2001KEN
KEN,2002,2.68,2002KEN
KEN,2003,3.15,2003KEN
KEN,2004,3.65,2004KEN
KEN,2005,4.28,2005KEN
KEN,2006,4.93,2006KEN
KEN,2007,5.65,2007KEN
KEN,2008,6.39,2008KEN
KEN,2009,7.24,2009KEN
KEN,2010,8.02,2010KEN
KEN,2011,8.95,2011KEN
KEN,2012,9.9,2012KEN
KEN,2013,10.74,2013KEN
KEN,2014,11.83,2014KEN
KEN,2015,12.76,2015KEN
KEN,2016,13.42,2016KEN
KIR,2000,2.26,2000KIR
KIR,2001,2.21,2001KIR
KIR,2002,2.22,2002KIR
KIR,2003,2.22,2003KIR
KIR,2004,2.25,2004KIR
KIR,2005,2.28,2005KIR
KIR,2006,2.36,2006KIR
KIR,2007,2.46,2007KIR
KIR,2008,2.59,2008KIR
KIR,2009,2.74,2009KIR
KIR,2010,2.99,2010KIR
KIR,2011,3.15,2011KIR
KIR,2012,3.59,2012KIR
KIR,2013,3.94,2013KIR
KIR,2014,4.38,2014KIR
KIR,2015,4.9,2015KIR
KIR,2016,5.52,2016KIR
KWT,2000,100,2000KWT
KWT,2001,100,2001KWT
KWT,2002,100,2002KWT
KWT,2003,100,2003KWT
KWT,2004,100,2004KWT
KWT,2005,100,2005KWT
KWT,2006,100,2006KWT
KWT,2007,100,2007KWT
KWT,2008,100,2008KWT
KWT,2009,100,2009KWT
KWT,2010,100,2010KWT
KWT,2011,100,2011KWT
KWT,2012,100,2012KWT
KWT,2013,100,2013KWT
KWT,2014,100,2014KWT
KWT,2015,100,2015KWT
KWT,2016,100,2016KWT
KGZ,2000,51.72,2000KGZ
KGZ,2001,53.71,2001KGZ
KGZ,2002,56.08,2002KGZ
KGZ,2003,58.36,2003KGZ
KGZ,2004,60.08,2004KGZ
KGZ,2005,62.04,2005KGZ
KGZ,2006,64.43,2006KGZ
KGZ,2007,66.25,2007KGZ
KGZ,2008,68.67,2008KGZ
KGZ,2009,70.04,2009KGZ
KGZ,2010,72.15,2010KGZ
KGZ,2011,73.86,2011KGZ
KGZ,2012,75.27,2012KGZ
KGZ,2013,76.91,2013KGZ
KGZ,2014,78.38,2014KGZ
KGZ,2015,79.98,2015KGZ
KGZ,2016,81.25,2016KGZ
LAO,2000,3.99,2000LAO
LAO,2001,4.04,2001LAO
LAO,2002,4.21,2002LAO
LAO,2003,4.13,2003LAO
LAO,2004,4.29,2004LAO
LAO,2005,4.28,2005LAO
LAO,2006,4.56,2006LAO
LAO,2007,4.55,2007LAO
LAO,2008,4.79,2008LAO
LAO,2009,4.73,2009LAO
LAO,2010,4.83,2010LAO
LAO,2011,5.04,2011LAO
LAO,2012,5.13,2012LAO
LAO,2013,5.22,2013LAO
LAO,2014,5.42,2014LAO
LAO,2015,5.54,2015LAO
LAO,2016,5.62,2016LAO
,2000,56.84984784,
,2001,57.96511015,
,2002,58.75433865,
,2003,59.67355529,
,2004,60.35529721,
,2005,61.20610666,
,2006,62.16658601,
,2007,62.92913253,
,2008,63.82350627,
,2009,64.60003622,
,2010,65.43357164,
,2011,66.20039506,
,2012,66.9626936,
,2013,67.75523728,
,2014,68.37861877,
,2015,69.08193373,
,2016,69.75098396,
,2000,78.15612901,
,2001,79.09825479,
,2002,79.96687313,
,2003,80.79474903,
,2004,81.54742051,
,2005,82.285051,
,2006,82.9123089,
,2007,83.47673189,
,2008,84.07343744,
,2009,84.60086404,
,2010,85.05156406,
,2011,85.50077458,
,2012,85.93550539,
,2013,86.32550294,
,2014,86.72421717,
,2015,86.6795055,
,2016,87.00382292,
,2000,78.34825157,
,2001,79.28601296,
,2002,80.15146812,
,2003,80.97550959,
,2004,81.72378961,
,2005,82.45862109,
,2006,83.08108048,
,2007,83.63840696,
,2008,84.23067484,
,2009,84.75695099,
,2010,85.20077565,
,2011,85.64934768,
,2012,86.07696856,
,2013,86.46504859,
,2014,86.86205997,
,2015,86.80763951,
,2016,87.12959785,
,2000,76.33085756,
,2001,77.34587683,
,2002,78.27139214,
,2003,79.15656988,
,2004,79.96451148,
,2005,80.7511304,
,2006,81.43218004,
,2007,82.03785051,
,2008,82.67496169,
,2009,83.2468977,
,2010,83.73445906,
,2011,84.21384536,
,2012,84.68542447,
,2013,85.10220509,
,2014,85.53671394,
,2015,85.47130771,
,2016,85.81698524,
LVA,2000,85.93,2000LVA
LVA,2001,87.05,2001LVA
LVA,2002,88,2002LVA
LVA,2003,88.95,2003LVA
LVA,2004,89.9,2004LVA
LVA,2005,90.49,2005LVA
LVA,2006,91.22,2006LVA
LVA,2007,91.87,2007LVA
LVA,2008,92.49,2008LVA
LVA,2009,92.87,2009LVA
LVA,2010,93.37,2010LVA
LVA,2011,93.83,2011LVA
LVA,2012,94.14,2012LVA
LVA,2013,94.5,2013LVA
LVA,2014,94.85,2014LVA
LVA,2015,95.05,2015LVA
LVA,2016,95.28,2016LVA
,2000,7.35397738,
,2001,7.660441751,
,2002,7.984759169,
,2003,8.330758619,
,2004,8.664784552,
,2005,9.039715466,
,2006,9.425861392,
,2007,9.795333367,
,2008,10.19418047,
,2009,10.58845883,
,2010,11.05230594,
,2011,11.50405994,
,2012,11.93329696,
,2013,12.4029432,
,2014,12.88684916,
,2015,13.37923092,
,2016,13.92480284,
LSO,2000,18.14,2000LSO
LSO,2001,19.03,2001LSO
LSO,2002,20.61,2002LSO
LSO,2003,21.48,2003LSO
LSO,2004,23.05,2004LSO
LSO,2005,24.1,2005LSO
LSO,2006,25.29,2006LSO
LSO,2007,26.69,2007LSO
LSO,2008,27.63,2008LSO
LSO,2009,28.78,2009LSO
LSO,2010,29.86,2010LSO
LSO,2011,30.68,2011LSO
LSO,2012,31.96,2012LSO
LSO,2013,32.99,2013LSO
LSO,2014,33.93,2014LSO
LSO,2015,34.74,2015LSO
LSO,2016,35.61,2016LSO
LBR,2000,0.62,2000LBR
LBR,2001,0.62,2001LBR
LBR,2002,0.59,2002LBR
LBR,2003,0.62,2003LBR
LBR,2004,0.63,2004LBR
LBR,2005,0.63,2005LBR
LBR,2006,0.63,2006LBR
LBR,2007,0.64,2007LBR
LBR,2008,0.63,2008LBR
LBR,2009,0.67,2009LBR
LBR,2010,0.65,2010LBR
LBR,2011,0.67,2011LBR
LBR,2012,0.69,2012LBR
LBR,2013,0.68,2013LBR
LBR,2014,0.71,2014LBR
LBR,2015,0.7,2015LBR
LBR,2016,0.71,2016LBR
LTU,2000,100,2000LTU
LTU,2001,100,2001LTU
LTU,2002,100,2002LTU
LTU,2003,100,2003LTU
LTU,2004,100,2004LTU
LTU,2005,100,2005LTU
LTU,2006,100,2006LTU
LTU,2007,100,2007LTU
LTU,2008,100,2008LTU
LTU,2009,100,2009LTU
LTU,2010,100,2010LTU
LTU,2011,100,2011LTU
LTU,2012,100,2012LTU
LTU,2013,100,2013LTU
LTU,2014,100,2014LTU
LTU,2015,100,2015LTU
LTU,2016,100,2016LTU
,2000,38.59385953,
,2001,39.63851857,
,2002,40.43728089,
,2003,41.2144547,
,2004,42.05530865,
,2005,42.849148,
,2006,43.79753067,
,2007,44.61952676,
,2008,45.49054489,
,2009,46.22622843,
,2010,47.17061892,
,2011,47.92010465,
,2012,48.73352942,
,2013,49.50856658,
,2014,50.16034128,
,2015,50.79081756,
,2016,51.44448533,
,2000,9.988701934,
,2001,10.13930331,
,2002,10.32563157,
,2003,10.4919808,
,2004,10.682135,
,2005,10.89210332,
,2006,11.13253773,
,2007,11.36307958,
,2008,11.61567237,
,2009,11.82418082,
,2010,12.03219468,
,2011,12.17565778,
,2012,12.25128202,
,2013,12.34227632,
,2014,12.43677243,
,2015,12.56408982,
,2016,12.71716957,
,2000,23.23623778,
,2001,24.55631496,
,2002,25.68011015,
,2003,26.66271687,
,2004,28.02283705,
,2005,29.15395615,
,2006,30.54750214,
,2007,31.85731173,
,2008,33.16217404,
,2009,34.2960684,
,2010,35.83773925,
,2011,37.02875367,
,2012,38.31947293,
,2013,39.54304804,
,2014,40.65708017,
,2015,41.66878114,
,2016,42.74929747,
LUX,2000,100,2000LUX
LUX,2001,100,2001LUX
LUX,2002,100,2002LUX
LUX,2003,100,2003LUX
LUX,2004,100,2004LUX
LUX,2005,100,2005LUX
LUX,2006,100,2006LUX
LUX,2007,100,2007LUX
LUX,2008,100,2008LUX
LUX,2009,100,2009LUX
LUX,2010,100,2010LUX
LUX,2011,100,2011LUX
LUX,2012,100,2012LUX
LUX,2013,100,2013LUX
LUX,2014,100,2014LUX
LUX,2015,100,2015LUX
LUX,2016,100,2016LUX
MDG,2000,1.1,2000MDG
MDG,2001,1.11,2001MDG
MDG,2002,1.1,2002MDG
MDG,2003,1.08,2003MDG
MDG,2004,1.03,2004MDG
MDG,2005,1.02,2005MDG
MDG,2006,1.03,2006MDG
MDG,2007,1.02,2007MDG
MDG,2008,0.99,2008MDG
MDG,2009,0.97,2009MDG
MDG,2010,0.96,2010MDG
MDG,2011,0.94,2011MDG
MDG,2012,0.96,2012MDG
MDG,2013,0.94,2013MDG
MDG,2014,0.92,2014MDG
MDG,2015,0.9,2015MDG
MDG,2016,0.91,2016MDG
MWI,2000,1.75,2000MWI
MWI,2001,1.77,2001MWI
MWI,2002,1.83,2002MWI
MWI,2003,1.91,2003MWI
MWI,2004,1.94,2004MWI
MWI,2005,1.98,2005MWI
MWI,2006,2.01,2006MWI
MWI,2007,2.07,2007MWI
MWI,2008,2.15,2008MWI
MWI,2009,2.2,2009MWI
MWI,2010,2.18,2010MWI
MWI,2011,2.25,2011MWI
MWI,2012,2.33,2012MWI
MWI,2013,2.35,2013MWI
MWI,2014,2.43,2014MWI
MWI,2015,2.49,2015MWI
MWI,2016,2.5,2016MWI
MYS,2000,94.53,2000MYS
MYS,2001,94.99,2001MYS
MYS,2002,95.28,2002MYS
MYS,2003,95.58,2003MYS
MYS,2004,95.87,2004MYS
MYS,2005,96.03,2005MYS
MYS,2006,96.32,2006MYS
MYS,2007,96.34,2007MYS
MYS,2008,96.46,2008MYS
MYS,2009,96.43,2009MYS
MYS,2010,96.47,2010MYS
MYS,2011,96.56,2011MYS
MYS,2012,96.62,2012MYS
MYS,2013,96.49,2013MYS
MYS,2014,96.38,2014MYS
MYS,2015,96.3,2015MYS
MYS,2016,96.3,2016MYS
MDV,2000,32.18,2000MDV
MDV,2001,38.56,2001MDV
MDV,2002,45.18,2002MDV
MDV,2003,51.9,2003MDV
MDV,2004,58.33,2004MDV
MDV,2005,64.78,2005MDV
MDV,2006,69.74,2006MDV
MDV,2007,74.19,2007MDV
MDV,2008,78.36,2008MDV
MDV,2009,81.46,2009MDV
MDV,2010,84.43,2010MDV
MDV,2011,86.7,2011MDV
MDV,2012,88.63,2012MDV
MDV,2013,90.45,2013MDV
MDV,2014,91.71,2014MDV
MDV,2015,92.88,2015MDV
MDV,2016,93.83,2016MDV
MLI,2000,1.3,2000MLI
MLI,2001,1.28,2001MLI
MLI,2002,1.25,2002MLI
MLI,2003,1.24,2003MLI
MLI,2004,1.17,2004MLI
MLI,2005,1.18,2005MLI
MLI,2006,1.17,2006MLI
MLI,2007,1.13,2007MLI
MLI,2008,1.09,2008MLI
MLI,2009,1.09,2009MLI
MLI,2010,1.02,2010MLI
MLI,2011,1.05,2011MLI
MLI,2012,1,2012MLI
MLI,2013,1,2013MLI
MLI,2014,0.97,2014MLI
MLI,2015,0.93,2015MLI
MLI,2016,0.96,2016MLI
MLT,2000,100,2000MLT
MLT,2001,100,2001MLT
MLT,2002,100,2002MLT
MLT,2003,100,2003MLT
MLT,2004,100,2004MLT
MLT,2005,100,2005MLT
MLT,2006,100,2006MLT
MLT,2007,100,2007MLT
MLT,2008,100,2008MLT
MLT,2009,100,2009MLT
MLT,2010,100,2010MLT
MLT,2011,100,2011MLT
MLT,2012,100,2012MLT
MLT,2013,100,2013MLT
MLT,2014,100,2014MLT
MLT,2015,100,2015MLT
MLT,2016,100,2016MLT
MHL,2000,13.21,2000MHL
MHL,2001,15.94,2001MHL
MHL,2002,19.37,2002MHL
MHL,2003,23.21,2003MHL
MHL,2004,27.9,2004MHL
MHL,2005,32.72,2005MHL
MHL,2006,37.98,2006MHL
MHL,2007,42.91,2007MHL
MHL,2008,47.68,2008MHL
MHL,2009,51.79,2009MHL
MHL,2010,55.38,2010MHL
MHL,2011,58.58,2011MHL
MHL,2012,60.84,2012MHL
MHL,2013,62.6,2013MHL
MHL,2014,63.57,2014MHL
MHL,2015,64.63,2015MHL
MHL,2016,65.35,2016MHL
MRT,2000,29.04,2000MRT
MRT,2001,30.08,2001MRT
MRT,2002,31.23,2002MRT
MRT,2003,32.34,2003MRT
MRT,2004,33.48,2004MRT
MRT,2005,34.51,2005MRT
MRT,2006,35.61,2006MRT
MRT,2007,36.87,2007MRT
MRT,2008,37.75,2008MRT
MRT,2009,38.91,2009MRT
MRT,2010,40.08,2010MRT
MRT,2011,41.31,2011MRT
MRT,2012,42.34,2012MRT
MRT,2013,43.35,2013MRT
MRT,2014,44.26,2014MRT
MRT,2015,45.66,2015MRT
MRT,2016,46.56,2016MRT
MUS,2000,87.35,2000MUS
MUS,2001,87.68,2001MUS
MUS,2002,88.69,2002MUS
MUS,2003,89.24,2003MUS
MUS,2004,90.09,2004MUS
MUS,2005,90.43,2005MUS
MUS,2006,91.17,2006MUS
MUS,2007,91.43,2007MUS
MUS,2008,91.64,2008MUS
MUS,2009,92.23,2009MUS
MUS,2010,92.27,2010MUS
MUS,2011,92.56,2011MUS
MUS,2012,92.62,2012MUS
MUS,2013,92.74,2013MUS
MUS,2014,92.94,2014MUS
MUS,2015,93.11,2015MUS
MUS,2016,93.34,2016MUS
MEX,2000,80.68,2000MEX
MEX,2001,80.97,2001MEX
MEX,2002,81.25,2002MEX
MEX,2003,81.61,2003MEX
MEX,2004,81.96,2004MEX
MEX,2005,82.27,2005MEX
MEX,2006,82.52,2006MEX
MEX,2007,82.83,2007MEX
MEX,2008,83.15,2008MEX
MEX,2009,83.41,2009MEX
MEX,2010,83.74,2010MEX
MEX,2011,84,2011MEX
MEX,2012,84.24,2012MEX
MEX,2013,84.59,2013MEX
MEX,2014,84.87,2014MEX
MEX,2015,85.15,2015MEX
MEX,2016,85.35,2016MEX
FSM,2000,10.92,2000FSM
FSM,2001,11.04,2001FSM
FSM,2002,11.04,2002FSM
FSM,2003,11.04,2003FSM
FSM,2004,11.1,2004FSM
FSM,2005,11.21,2005FSM
FSM,2006,11.13,2006FSM
FSM,2007,11.23,2007FSM
FSM,2008,11.39,2008FSM
FSM,2009,11.42,2009FSM
FSM,2010,11.5,2010FSM
FSM,2011,11.45,2011FSM
FSM,2012,11.63,2012FSM
FSM,2013,11.64,2013FSM
FSM,2014,11.69,2014FSM
FSM,2015,11.79,2015FSM
FSM,2016,11.97,2016FSM
,2000,84.82997872,
,2001,86.42971973,
,2002,87.97018518,
,2003,89.02335341,
,2004,90.11734661,
,2005,91.08916965,
,2006,91.85490181,
,2007,92.4634609,
,2008,92.98766286,
,2009,93.45631828,
,2010,93.8450747,
,2011,94.10090121,
,2012,94.29097162,
,2013,94.55035586,
,2014,94.73412439,
,2015,94.84411888,
,2016,94.97803447,
,2000,83.37615801,
,2001,85.1421802,
,2002,86.85089209,
,2003,88.00327107,
,2004,89.21095201,
,2005,90.29071956,
,2006,91.12160733,
,2007,91.77985666,
,2008,92.34996393,
,2009,92.8629524,
,2010,93.28680212,
,2011,93.56517058,
,2012,93.77668776,
,2013,94.07224126,
,2014,94.2841946,
,2015,94.40668074,
,2016,94.56543643,
,2000,83.37615801,
,2001,85.1421802,
,2002,86.85089209,
,2003,88.00327107,
,2004,89.21095201,
,2005,90.29071956,
,2006,91.12160733,
,2007,91.77985666,
,2008,92.34996393,
,2009,92.8629524,
,2010,93.28680212,
,2011,93.56517058,
,2012,93.77668776,
,2013,94.07224126,
,2014,94.2841946,
,2015,94.40668074,
,2016,94.56543643,
,2000,41.57725458,
,2001,42.75953412,
,2002,43.67083509,
,2003,44.56419648,
,2004,45.52935526,
,2005,46.44355796,
,2006,47.53019836,
,2007,48.48115412,
,2008,49.48704553,
,2009,50.34838855,
,2010,51.44499757,
,2011,52.33213658,
,2012,53.2687749,
,2013,54.19400627,
,2014,54.98322018,
,2015,55.74804298,
,2016,56.5393834,
MDA,2000,68.34,2000MDA
MDA,2001,70.95,2001MDA
MDA,2002,72.9,2002MDA
MDA,2003,75.22,2003MDA
MDA,2004,77.23,2004MDA
MDA,2005,78.95,2005MDA
MDA,2006,81.2,2006MDA
MDA,2007,82.55,2007MDA
MDA,2008,83.92,2008MDA
MDA,2009,85.17,2009MDA
MDA,2010,86.71,2010MDA
MDA,2011,87.92,2011MDA
MDA,2012,88.89,2012MDA
MDA,2013,89.89,2013MDA
MDA,2014,90.81,2014MDA
MDA,2015,91.34,2015MDA
MDA,2016,92.19,2016MDA
MCO,2000,100,2000MCO
MCO,2001,100,2001MCO
MCO,2002,100,2002MCO
MCO,2003,100,2003MCO
MCO,2004,100,2004MCO
MCO,2005,100,2005MCO
MCO,2006,100,2006MCO
MCO,2007,100,2007MCO
MCO,2008,100,2008MCO
MCO,2009,100,2009MCO
MCO,2010,100,2010MCO
MCO,2011,100,2011MCO
MCO,2012,100,2012MCO
MCO,2013,100,2013MCO
MCO,2014,100,2014MCO
MCO,2015,100,2015MCO
MCO,2016,100,2016MCO
MNG,2000,21.83,2000MNG
MNG,2001,22.92,2001MNG
MNG,2002,24.09,2002MNG
MNG,2003,25.22,2003MNG
MNG,2004,26.49,2004MNG
MNG,2005,27.63,2005MNG
MNG,2006,28.72,2006MNG
MNG,2007,30.32,2007MNG
MNG,2008,31.57,2008MNG
MNG,2009,32.68,2009MNG
MNG,2010,34.18,2010MNG
MNG,2011,35.57,2011MNG
MNG,2012,36.69,2012MNG
MNG,2013,38.33,2013MNG
MNG,2014,39.82,2014MNG
MNG,2015,41.32,2015MNG
MNG,2016,42.8,2016MNG
MNE,2000,55.03,2000MNE
MNE,2001,55.87,2001MNE
MNE,2002,56.95,2002MNE
MNE,2003,57.76,2003MNE
MNE,2004,58.98,2004MNE
MNE,2005,59.87,2005MNE
MNE,2006,60.71,2006MNE
MNE,2007,61.97,2007MNE
MNE,2008,62.67,2008MNE
MNE,2009,63.91,2009MNE
MNE,2010,64.8,2010MNE
MNE,2011,65.33,2011MNE
MNE,2012,66.43,2012MNE
MNE,2013,67.02,2013MNE
MNE,2014,68.04,2014MNE
MNE,2015,68.57,2015MNE
MNE,2016,69.35,2016MNE
MAR,2000,89.7,2000MAR
MAR,2001,90.68,2001MAR
MAR,2002,91.49,2002MAR
MAR,2003,92.19,2003MAR
MAR,2004,93.08,2004MAR
MAR,2005,93.62,2005MAR
MAR,2006,94,2006MAR
MAR,2007,94.5,2007MAR
MAR,2008,94.87,2008MAR
MAR,2009,95.22,2009MAR
MAR,2010,95.61,2010MAR
MAR,2011,95.82,2011MAR
MAR,2012,96.12,2012MAR
MAR,2013,96.27,2013MAR
MAR,2014,96.43,2014MAR
MAR,2015,96.6,2015MAR
MAR,2016,96.75,2016MAR
MOZ,2000,3.07,2000MOZ
MOZ,2001,3.08,2001MOZ
MOZ,2002,3.13,2002MOZ
MOZ,2003,3.09,2003MOZ
MOZ,2004,3.11,2004MOZ
MOZ,2005,3.21,2005MOZ
MOZ,2006,3.25,2006MOZ
MOZ,2007,3.25,2007MOZ
MOZ,2008,3.3,2008MOZ
MOZ,2009,3.28,2009MOZ
MOZ,2010,3.4,2010MOZ
MOZ,2011,3.46,2011MOZ
MOZ,2012,3.48,2012MOZ
MOZ,2013,3.56,2013MOZ
MOZ,2014,3.56,2014MOZ
MOZ,2015,3.62,2015MOZ
MOZ,2016,3.69,2016MOZ
MMR,2000,4.72,2000MMR
MMR,2001,5.18,2001MMR
MMR,2002,5.74,2002MMR
MMR,2003,6.23,2003MMR
MMR,2004,6.7,2004MMR
MMR,2005,7.46,2005MMR
MMR,2006,7.97,2006MMR
MMR,2007,8.77,2007MMR
MMR,2008,9.33,2008MMR
MMR,2009,10.24,2009MMR
MMR,2010,11.14,2010MMR
MMR,2011,12.13,2011MMR
MMR,2012,13.24,2012MMR
MMR,2013,14.45,2013MMR
MMR,2014,15.44,2014MMR
MMR,2015,16.97,2015MMR
MMR,2016,18.4,2016MMR
NAM,2000,32.51,2000NAM
NAM,2001,33.22,2001NAM
NAM,2002,33.76,2002NAM
NAM,2003,34.64,2003NAM
NAM,2004,35.13,2004NAM
NAM,2005,35.87,2005NAM
NAM,2006,36.52,2006NAM
NAM,2007,37.31,2007NAM
NAM,2008,37.72,2008NAM
NAM,2009,38.34,2009NAM
NAM,2010,38.88,2010NAM
NAM,2011,39.59,2011NAM
NAM,2012,40.11,2012NAM
NAM,2013,40.53,2013NAM
NAM,2014,41.25,2014NAM
NAM,2015,41.32,2015NAM
NAM,2016,42.2,2016NAM
NRU,2000,73.9,2000NRU
NRU,2001,76.29,2001NRU
NRU,2002,78.59,2002NRU
NRU,2003,80.41,2003NRU
NRU,2004,82.11,2004NRU
NRU,2005,83.7,2005NRU
NRU,2006,85.27,2006NRU
NRU,2007,86.21,2007NRU
NRU,2008,87.4,2008NRU
NRU,2009,88.13,2009NRU
NRU,2010,88.95,2010NRU
NRU,2011,89.42,2011NRU
NRU,2012,89.98,2012NRU
NRU,2013,90.54,2013NRU
NRU,2014,90.88,2014NRU
NRU,2015,91.16,2015NRU
NRU,2016,91.33,2016NRU
NPL,2000,14.92,2000NPL
NPL,2001,15.45,2001NPL
NPL,2002,16.18,2002NPL
NPL,2003,16.96,2003NPL
NPL,2004,17.67,2004NPL
NPL,2005,18.13,2005NPL
NPL,2006,19.02,2006NPL
NPL,2007,19.78,2007NPL
NPL,2008,20.42,2008NPL
NPL,2009,21.25,2009NPL
NPL,2010,22.31,2010NPL
NPL,2011,23.1,2011NPL
NPL,2012,23.81,2012NPL
NPL,2013,24.59,2013NPL
NPL,2014,25.5,2014NPL
NPL,2015,26.56,2015NPL
NPL,2016,27.62,2016NPL
NLD,2000,100,2000NLD
NLD,2001,100,2001NLD
NLD,2002,100,2002NLD
NLD,2003,100,2003NLD
NLD,2004,100,2004NLD
NLD,2005,100,2005NLD
NLD,2006,100,2006NLD
NLD,2007,100,2007NLD
NLD,2008,100,2008NLD
NLD,2009,100,2009NLD
NLD,2010,100,2010NLD
NLD,2011,100,2011NLD
NLD,2012,100,2012NLD
NLD,2013,100,2013NLD
NLD,2014,100,2014NLD
NLD,2015,100,2015NLD
NLD,2016,100,2016NLD
NZL,2000,100,2000NZL
NZL,2001,100,2001NZL
NZL,2002,100,2002NZL
NZL,2003,100,2003NZL
NZL,2004,100,2004NZL
NZL,2005,100,2005NZL
NZL,2006,100,2006NZL
NZL,2007,100,2007NZL
NZL,2008,100,2008NZL
NZL,2009,100,2009NZL
NZL,2010,100,2010NZL
NZL,2011,100,2011NZL
NZL,2012,100,2012NZL
NZL,2013,100,2013NZL
NZL,2014,100,2014NZL
NZL,2015,100,2015NZL
NZL,2016,100,2016NZL
NIC,2000,34.08,2000NIC
NIC,2001,35.22,2001NIC
NIC,2002,36.45,2002NIC
NIC,2003,37.66,2003NIC
NIC,2004,38.78,2004NIC
NIC,2005,39.84,2005NIC
NIC,2006,40.91,2006NIC
NIC,2007,42.16,2007NIC
NIC,2008,43.22,2008NIC
NIC,2009,44.41,2009NIC
NIC,2010,45.61,2010NIC
NIC,2011,46.71,2011NIC
NIC,2012,47.81,2012NIC
NIC,2013,48.98,2013NIC
NIC,2014,50.06,2014NIC
NIC,2015,51.41,2015NIC
NIC,2016,52.3,2016NIC
NER,2000,1.01,2000NER
NER,2001,1.07,2001NER
NER,2002,1.13,2002NER
NER,2003,1.14,2003NER
NER,2004,1.25,2004NER
NER,2005,1.26,2005NER
NER,2006,1.32,2006NER
NER,2007,1.37,2007NER
NER,2008,1.43,2008NER
NER,2009,1.45,2009NER
NER,2010,1.55,2010NER
NER,2011,1.61,2011NER
NER,2012,1.67,2012NER
NER,2013,1.7,2013NER
NER,2014,1.77,2014NER
NER,2015,1.88,2015NER
NER,2016,1.91,2016NER
NGA,2000,0.84,2000NGA
NGA,2001,0.92,2001NGA
NGA,2002,1.02,2002NGA
NGA,2003,1.1,2003NGA
NGA,2004,1.26,2004NGA
NGA,2005,1.39,2005NGA
NGA,2006,1.57,2006NGA
NGA,2007,1.72,2007NGA
NGA,2008,1.96,2008NGA
NGA,2009,2.19,2009NGA
NGA,2010,2.44,2010NGA
NGA,2011,2.74,2011NGA
NGA,2012,3.09,2012NGA
NGA,2013,3.48,2013NGA
NGA,2014,3.92,2014NGA
NGA,2015,4.39,2015NGA
NGA,2016,4.91,2016NGA
,2000,100,
,2001,100,
,2002,100,
,2003,100,
,2004,100,
,2005,100,
,2006,100,
,2007,100,
,2008,100,
,2009,100,
,2010,100,
,2011,100,
,2012,100,
,2013,100,
,2014,100,
,2015,100,
,2016,100,
PRK,2000,3.06,2000PRK
PRK,2001,3.4,2001PRK
PRK,2002,3.75,2002PRK
PRK,2003,3.94,2003PRK
PRK,2004,4.39,2004PRK
PRK,2005,4.81,2005PRK
PRK,2006,5.29,2006PRK
PRK,2007,5.71,2007PRK
PRK,2008,6.17,2008PRK
PRK,2009,6.8,2009PRK
PRK,2010,7.29,2010PRK
PRK,2011,7.81,2011PRK
PRK,2012,8.38,2012PRK
PRK,2013,8.89,2013PRK
PRK,2014,9.71,2014PRK
PRK,2015,10.08,2015PRK
PRK,2016,10.8,2016PRK
MKD,2000,43.92,2000MKD
MKD,2001,45.71,2001MKD
MKD,2002,47.2,2002MKD
MKD,2003,48.89,2003MKD
MKD,2004,50.6,2004MKD
MKD,2005,52.08,2005MKD
MKD,2006,53.54,2006MKD
MKD,2007,55.22,2007MKD
MKD,2008,56.55,2008MKD
MKD,2009,58.3,2009MKD
MKD,2010,59.28,2010MKD
MKD,2011,60.59,2011MKD
MKD,2012,61.79,2012MKD
MKD,2013,62.88,2013MKD
MKD,2014,64.14,2014MKD
MKD,2015,64.9,2015MKD
MKD,2016,65.63,2016MKD
NOR,2000,100,2000NOR
NOR,2001,100,2001NOR
NOR,2002,100,2002NOR
NOR,2003,100,2003NOR
NOR,2004,100,2004NOR
NOR,2005,100,2005NOR
NOR,2006,100,2006NOR
NOR,2007,100,2007NOR
NOR,2008,100,2008NOR
NOR,2009,100,2009NOR
NOR,2010,100,2010NOR
NOR,2011,100,2011NOR
NOR,2012,100,2012NOR
NOR,2013,100,2013NOR
NOR,2014,100,2014NOR
NOR,2015,100,2015NOR
NOR,2016,100,2016NOR
,2000,97.56520429,
,2001,97.61814937,
,2002,97.66887784,
,2003,97.72005582,
,2004,97.77446545,
,2005,97.81107504,
,2006,97.84155872,
,2007,97.87463695,
,2008,97.91385406,
,2009,97.9347721,
,2010,97.96899256,
,2011,97.98122207,
,2012,98.00610699,
,2013,98.0376539,
,2014,98.06072982,
,2015,98.07835227,
,2016,98.09302998,
OMN,2000,84.56,2000OMN
OMN,2001,86.01,2001OMN
OMN,2002,87.32,2002OMN
OMN,2003,88.48,2003OMN
OMN,2004,89.57,2004OMN
OMN,2005,90.5,2005OMN
OMN,2006,91.34,2006OMN
OMN,2007,92.06,2007OMN
OMN,2008,92.69,2008OMN
OMN,2009,93.22,2009OMN
OMN,2010,93.71,2010OMN
OMN,2011,94.06,2011OMN
OMN,2012,94.38,2012OMN
OMN,2013,94.74,2013OMN
OMN,2014,94.9,2014OMN
OMN,2015,95.06,2015OMN
OMN,2016,95.22,2016OMN
,2000,44.30460028,
,2001,45.06616791,
,2002,45.88679049,
,2003,46.65681914,
,2004,47.52609408,
,2005,48.43463134,
,2006,49.38621595,
,2007,50.39848127,
,2008,51.33730844,
,2009,52.25226798,
,2010,53.04607612,
,2011,53.65724427,
,2012,54.23901911,
,2013,54.77033391,
,2014,55.23627773,
,2015,55.61818082,
,2016,56.05008783,
,2000,21.61743469,
,2001,22.03203357,
,2002,22.58169492,
,2003,23.00181091,
,2004,23.44057473,
,2005,23.8482551,
,2006,24.33226399,
,2007,24.80622363,
,2008,25.17248624,
,2009,25.57492365,
,2010,25.95832318,
,2011,26.2858896,
,2012,26.53574928,
,2013,26.78288958,
,2014,27.08526998,
,2015,27.25753505,
,2016,27.47456032,
PAK,2000,22.62,2000PAK
PAK,2001,24.14,2001PAK
PAK,2002,25.39,2002PAK
PAK,2003,26.63,2003PAK
PAK,2004,28.12,2004PAK
PAK,2005,29.23,2005PAK
PAK,2006,30.5,2006PAK
PAK,2007,31.81,2007PAK
PAK,2008,33.05,2008PAK
PAK,2009,34.17,2009PAK
PAK,2010,35.59,2010PAK
PAK,2011,36.85,2011PAK
PAK,2012,38.13,2012PAK
PAK,2013,39.47,2013PAK
PAK,2014,40.74,2014PAK
PAK,2015,42.13,2015PAK
PAK,2016,43.32,2016PAK
PLW,2000,64.37,2000PLW
PLW,2001,67.31,2001PLW
PLW,2002,70.1,2002PLW
PLW,2003,72.59,2003PLW
PLW,2004,74.7,2004PLW
PLW,2005,76.68,2005PLW
PLW,2006,78.29,2006PLW
PLW,2007,79.72,2007PLW
PLW,2008,81.07,2008PLW
PLW,2009,82.05,2009PLW
PLW,2010,83.15,2010PLW
PLW,2011,83.91,2011PLW
PLW,2012,84.66,2012PLW
PLW,2013,85.3,2013PLW
PLW,2014,85.85,2014PLW
PLW,2015,86.39,2015PLW
PLW,2016,86.9,2016PLW
PAN,2000,78.71,2000PAN
PAN,2001,79.46,2001PAN
PAN,2002,80.38,2002PAN
PAN,2003,81.16,2003PAN
PAN,2004,81.88,2004PAN
PAN,2005,82.62,2005PAN
PAN,2006,83.26,2006PAN
PAN,2007,83.98,2007PAN
PAN,2008,84.56,2008PAN
PAN,2009,85.23,2009PAN
PAN,2010,85.84,2010PAN
PAN,2011,86.37,2011PAN
PAN,2012,86.9,2012PAN
PAN,2013,87.37,2013PAN
PAN,2014,87.98,2014PAN
PAN,2015,88.47,2015PAN
PAN,2016,89.01,2016PAN
PNG,2000,6.83,2000PNG
PNG,2001,7.23,2001PNG
PNG,2002,7.46,2002PNG
PNG,2003,7.86,2003PNG
PNG,2004,8.24,2004PNG
PNG,2005,8.52,2005PNG
PNG,2006,8.94,2006PNG
PNG,2007,9.24,2007PNG
PNG,2008,9.84,2008PNG
PNG,2009,10.09,2009PNG
PNG,2010,10.59,2010PNG
PNG,2011,10.92,2011PNG
PNG,2012,11.43,2012PNG
PNG,2013,11.95,2013PNG
PNG,2014,12.41,2014PNG
PNG,2015,12.85,2015PNG
PNG,2016,13.43,2016PNG
PRY,2000,44.49,2000PRY
PRY,2001,45.8,2001PRY
PRY,2002,47.32,2002PRY
PRY,2003,48.53,2003PRY
PRY,2004,50.08,2004PRY
PRY,2005,51.58,2005PRY
PRY,2006,52.84,2006PRY
PRY,2007,54.29,2007PRY
PRY,2008,55.71,2008PRY
PRY,2009,57.16,2009PRY
PRY,2010,58.4,2010PRY
PRY,2011,59.77,2011PRY
PRY,2012,61.18,2012PRY
PRY,2013,62.46,2013PRY
PRY,2014,63.73,2014PRY
PRY,2015,65,2015PRY
PRY,2016,66.22,2016PRY
PER,2000,35.28,2000PER
PER,2001,40,2001PER
PER,2002,44.1,2002PER
PER,2003,48.13,2003PER
PER,2004,51.72,2004PER
PER,2005,54.92,2005PER
PER,2006,57.57,2006PER
PER,2007,60.08,2007PER
PER,2008,62.34,2008PER
PER,2009,64.53,2009PER
PER,2010,66.13,2010PER
PER,2011,67.86,2011PER
PER,2012,69.53,2012PER
PER,2013,70.95,2013PER
PER,2014,72.41,2014PER
PER,2015,73.87,2015PER
PER,2016,75.06,2016PER
PHL,2000,36.28,2000PHL
PHL,2001,37.09,2001PHL
PHL,2002,37.87,2002PHL
PHL,2003,38.53,2003PHL
PHL,2004,39.15,2004PHL
PHL,2005,39.29,2005PHL
PHL,2006,40.23,2006PHL
PHL,2007,40.52,2007PHL
PHL,2008,40.75,2008PHL
PHL,2009,41.05,2009PHL
PHL,2010,41.56,2010PHL
PHL,2011,42.06,2011PHL
PHL,2012,42.43,2012PHL
PHL,2013,42.69,2013PHL
PHL,2014,42.83,2014PHL
PHL,2015,43.21,2015PHL
PHL,2016,43.22,2016PHL
POL,2000,100,2000POL
POL,2001,100,2001POL
POL,2002,100,2002POL
POL,2003,100,2003POL
POL,2004,100,2004POL
POL,2005,100,2005POL
POL,2006,100,2006POL
POL,2007,100,2007POL
POL,2008,100,2008POL
POL,2009,100,2009POL
POL,2010,100,2010POL
POL,2011,100,2011POL
POL,2012,100,2012POL
POL,2013,100,2013POL
POL,2014,100,2014POL
POL,2015,100,2015POL
POL,2016,100,2016POL
PRT,2000,100,2000PRT
PRT,2001,100,2001PRT
PRT,2002,100,2002PRT
PRT,2003,100,2003PRT
PRT,2004,100,2004PRT
PRT,2005,100,2005PRT
PRT,2006,100,2006PRT
PRT,2007,100,2007PRT
PRT,2008,100,2008PRT
PRT,2009,100,2009PRT
PRT,2010,100,2010PRT
PRT,2011,100,2011PRT
PRT,2012,100,2012PRT
PRT,2013,100,2013PRT
PRT,2014,100,2014PRT
PRT,2015,100,2015PRT
PRT,2016,100,2016PRT
,2000,98.02813594,
,2001,98.16816398,
,2002,98.28864207,
,2003,98.40296777,
,2004,98.50265635,
,2005,98.59065738,
,2006,98.6751603,
,2007,98.74119453,
,2008,98.8102264,
,2009,98.86013667,
,2010,98.92200932,
,2011,98.95682187,
,2012,99.00843756,
,2013,99.04354891,
,2014,99.07527994,
,2015,99.09961088,
,2016,99.12702872,
,2000,8.358805774,
,2001,8.702932777,
,2002,9.053191534,
,2003,9.382678563,
,2004,9.72244392,
,2005,10.06724853,
,2006,10.40629564,
,2007,10.71881527,
,2008,11.06707041,
,2009,11.4026725,
,2010,11.7977216,
,2011,12.19923056,
,2012,12.59792714,
,2013,13.03458278,
,2014,13.4799324,
,2015,13.91952512,
,2016,14.38306527,
QAT,2000,92.1,2000QAT
QAT,2001,93.26,2001QAT
QAT,2002,94.26,2002QAT
QAT,2003,95.02,2003QAT
QAT,2004,95.62,2004QAT
QAT,2005,96.17,2005QAT
QAT,2006,96.59,2006QAT
QAT,2007,96.94,2007QAT
QAT,2008,97.23,2008QAT
QAT,2009,97.46,2009QAT
QAT,2010,97.71,2010QAT
QAT,2011,97.96,2011QAT
QAT,2012,98.07,2012QAT
QAT,2013,98.25,2013QAT
QAT,2014,98.32,2014QAT
QAT,2015,98.44,2015QAT
QAT,2016,98.49,2016QAT
ROU,2000,64.5,2000ROU
ROU,2001,66.78,2001ROU
ROU,2002,68.69,2002ROU
ROU,2003,70.71,2003ROU
ROU,2004,72.63,2004ROU
ROU,2005,74.2,2005ROU
ROU,2006,75.88,2006ROU
ROU,2007,77.33,2007ROU
ROU,2008,78.59,2008ROU
ROU,2009,79.71,2009ROU
ROU,2010,80.96,2010ROU
ROU,2011,82.04,2011ROU
ROU,2012,83.01,2012ROU
ROU,2013,83.73,2013ROU
ROU,2014,84.6,2014ROU
ROU,2015,85.33,2015ROU
ROU,2016,85.88,2016ROU
RUS,2000,92.69,2000RUS
RUS,2001,93.36,2001RUS
RUS,2002,94.07,2002RUS
RUS,2003,94.57,2003RUS
RUS,2004,95.03,2004RUS
RUS,2005,95.5,2005RUS
RUS,2006,95.96,2006RUS
RUS,2007,96.28,2007RUS
RUS,2008,96.64,2008RUS
RUS,2009,96.93,2009RUS
RUS,2010,97.22,2010RUS
RUS,2011,97.42,2011RUS
RUS,2012,97.62,2012RUS
RUS,2013,97.81,2013RUS
RUS,2014,98.03,2014RUS
RUS,2015,98.15,2015RUS
RUS,2016,98.25,2016RUS
RWA,2000,0.29,2000RWA
RWA,2001,0.31,2001RWA
RWA,2002,0.32,2002RWA
RWA,2003,0.34,2003RWA
RWA,2004,0.35,2004RWA
RWA,2005,0.37,2005RWA
RWA,2006,0.41,2006RWA
RWA,2007,0.43,2007RWA
RWA,2008,0.44,2008RWA
RWA,2009,0.44,2009RWA
RWA,2010,0.47,2010RWA
RWA,2011,0.48,2011RWA
RWA,2012,0.51,2012RWA
RWA,2013,0.52,2013RWA
RWA,2014,0.54,2014RWA
RWA,2015,0.56,2015RWA
RWA,2016,0.57,2016RWA
KNA,2000,100,2000KNA
KNA,2001,100,2001KNA
KNA,2002,100,2002KNA
KNA,2003,100,2003KNA
KNA,2004,100,2004KNA
KNA,2005,100,2005KNA
KNA,2006,100,2006KNA
KNA,2007,100,2007KNA
KNA,2008,100,2008KNA
KNA,2009,100,2009KNA
KNA,2010,100,2010KNA
KNA,2011,100,2011KNA
KNA,2012,100,2012KNA
KNA,2013,100,2013KNA
KNA,2014,100,2014KNA
KNA,2015,100,2015KNA
KNA,2016,100,2016KNA
LCA,2000,86.29,2000LCA
LCA,2001,87.55,2001LCA
LCA,2002,88.65,2002LCA
LCA,2003,89.7,2003LCA
LCA,2004,90.72,2004LCA
LCA,2005,91.55,2005LCA
LCA,2006,92.38,2006LCA
LCA,2007,93.07,2007LCA
LCA,2008,93.73,2008LCA
LCA,2009,94.38,2009LCA
LCA,2010,94.88,2010LCA
LCA,2011,95.41,2011LCA
LCA,2012,95.81,2012LCA
LCA,2013,96.23,2013LCA
LCA,2014,96.61,2014LCA
LCA,2015,96.97,2015LCA
LCA,2016,97.23,2016LCA
VCT,2000,95.42,2000VCT
VCT,2001,95.4,2001VCT
VCT,2002,95.5,2002VCT
VCT,2003,95.57,2003VCT
VCT,2004,95.67,2004VCT
VCT,2005,95.7,2005VCT
VCT,2006,95.79,2006VCT
VCT,2007,95.77,2007VCT
VCT,2008,95.84,2008VCT
VCT,2009,95.92,2009VCT
VCT,2010,95.87,2010VCT
VCT,2011,95.87,2011VCT
VCT,2012,95.97,2012VCT
VCT,2013,95.89,2013VCT
VCT,2014,95.96,2014VCT
VCT,2015,95.9,2015VCT
VCT,2016,95.98,2016VCT
WSM,2000,20.24,2000WSM
WSM,2001,21.06,2001WSM
WSM,2002,21.68,2002WSM
WSM,2003,22.94,2003WSM
WSM,2004,23.79,2004WSM
WSM,2005,24.64,2005WSM
WSM,2006,25.49,2006WSM
WSM,2007,26.18,2007WSM
WSM,2008,26.97,2008WSM
WSM,2009,27.91,2009WSM
WSM,2010,28.79,2010WSM
WSM,2011,29.3,2011WSM
WSM,2012,29.77,2012WSM
WSM,2013,30.56,2013WSM
WSM,2014,31.56,2014WSM
WSM,2015,31.53,2015WSM
WSM,2016,32.29,2016WSM
SMR,2000,100,2000SMR
SMR,2001,100,2001SMR
SMR,2002,100,2002SMR
SMR,2003,100,2003SMR
SMR,2004,100,2004SMR
SMR,2005,100,2005SMR
SMR,2006,100,2006SMR
SMR,2007,100,2007SMR
SMR,2008,100,2008SMR
SMR,2009,100,2009SMR
SMR,2010,100,2010SMR
SMR,2011,100,2011SMR
SMR,2012,100,2012SMR
SMR,2013,100,2013SMR
SMR,2014,100,2014SMR
SMR,2015,100,2015SMR
SMR,2016,100,2016SMR
STP,2000,17.66,2000STP
STP,2001,18.54,2001STP
STP,2002,19.08,2002STP
STP,2003,20.03,2003STP
STP,2004,20.47,2004STP
STP,2005,21.26,2005STP
STP,2006,21.68,2006STP
STP,2007,21.84,2007STP
STP,2008,22.18,2008STP
STP,2009,21.81,2009STP
STP,2010,21.53,2010STP
STP,2011,21.1,2011STP
STP,2012,20.5,2012STP
STP,2013,19.61,2013STP
STP,2014,18.8,2014STP
STP,2015,17.88,2015STP
STP,2016,16.81,2016STP
SAU,2000,94.87,2000SAU
SAU,2001,95.06,2001SAU
SAU,2002,95.22,2002SAU
SAU,2003,95.43,2003SAU
SAU,2004,95.55,2004SAU
SAU,2005,95.54,2005SAU
SAU,2006,95.72,2006SAU
SAU,2007,95.85,2007SAU
SAU,2008,95.88,2008SAU
SAU,2009,95.91,2009SAU
SAU,2010,96.02,2010SAU
SAU,2011,96.06,2011SAU
SAU,2012,96.05,2012SAU
SAU,2013,96.02,2013SAU
SAU,2014,95.99,2014SAU
SAU,2015,95.99,2015SAU
SAU,2016,95.96,2016SAU
SEN,2000,31.76,2000SEN
SEN,2001,31.54,2001SEN
SEN,2002,31.82,2002SEN
SEN,2003,31.74,2003SEN
SEN,2004,31.8,2004SEN
SEN,2005,31.96,2005SEN
SEN,2006,32.19,2006SEN
SEN,2007,31.85,2007SEN
SEN,2008,31.81,2008SEN
SEN,2009,31.81,2009SEN
SEN,2010,31.94,2010SEN
SEN,2011,32.01,2011SEN
SEN,2012,31.65,2012SEN
SEN,2013,31.64,2013SEN
SEN,2014,31.68,2014SEN
SEN,2015,31.82,2015SEN
SEN,2016,31.65,2016SEN
SRB,2000,51.96,2000SRB
SRB,2001,53.33,2001SRB
SRB,2002,55.18,2002SRB
SRB,2003,56.68,2003SRB
SRB,2004,58.53,2004SRB
SRB,2005,60.27,2005SRB
SRB,2006,62.24,2006SRB
SRB,2007,63.84,2007SRB
SRB,2008,65.27,2008SRB
SRB,2009,66.73,2009SRB
SRB,2010,68.56,2010SRB
SRB,2011,69.82,2011SRB
SRB,2012,71.15,2012SRB
SRB,2013,72.76,2013SRB
SRB,2014,73.56,2014SRB
SRB,2015,75.02,2015SRB
SRB,2016,76.41,2016SRB
SYC,2000,76.78,2000SYC
SYC,2001,78.21,2001SYC
SYC,2002,79.83,2002SYC
SYC,2003,81.03,2003SYC
SYC,2004,82.81,2004SYC
SYC,2005,84.16,2005SYC
SYC,2006,84.74,2006SYC
SYC,2007,85.78,2007SYC
SYC,2008,87,2008SYC
SYC,2009,87.5,2009SYC
SYC,2010,88.23,2010SYC
SYC,2011,88.99,2011SYC
SYC,2012,88.85,2012SYC
SYC,2013,89.27,2013SYC
SYC,2014,89.76,2014SYC
SYC,2015,90.23,2015SYC
SYC,2016,90.36,2016SYC
SLE,2000,0.15,2000SLE
SLE,2001,0.17,2001SLE
SLE,2002,0.19,2002SLE
SLE,2003,0.22,2003SLE
SLE,2004,0.24,2004SLE
SLE,2005,0.27,2005SLE
SLE,2006,0.32,2006SLE
SLE,2007,0.36,2007SLE
SLE,2008,0.41,2008SLE
SLE,2009,0.45,2009SLE
SLE,2010,0.53,2010SLE
SLE,2011,0.61,2011SLE
SLE,2012,0.72,2012SLE
SLE,2013,0.73,2013SLE
SLE,2014,0.8,2014SLE
SLE,2015,0.93,2015SLE
SLE,2016,0.99,2016SLE
SGP,2000,100,2000SGP
SGP,2001,100,2001SGP
SGP,2002,100,2002SGP
SGP,2003,100,2003SGP
SGP,2004,100,2004SGP
SGP,2005,100,2005SGP
SGP,2006,100,2006SGP
SGP,2007,100,2007SGP
SGP,2008,100,2008SGP
SGP,2009,100,2009SGP
SGP,2010,100,2010SGP
SGP,2011,100,2011SGP
SGP,2012,100,2012SGP
SGP,2013,100,2013SGP
SGP,2014,100,2014SGP
SGP,2015,100,2015SGP
SGP,2016,100,2016SGP
SVK,2000,93.75,2000SVK
SVK,2001,94.09,2001SVK
SVK,2002,94.67,2002SVK
SVK,2003,95.1,2003SVK
SVK,2004,95.42,2004SVK
SVK,2005,95.58,2005SVK
SVK,2006,95.87,2006SVK
SVK,2007,96.06,2007SVK
SVK,2008,96.47,2008SVK
SVK,2009,96.71,2009SVK
SVK,2010,96.7,2010SVK
SVK,2011,96.78,2011SVK
SVK,2012,96.81,2012SVK
SVK,2013,96.79,2013SVK
SVK,2014,96.81,2014SVK
SVK,2015,96.72,2015SVK
SVK,2016,96.58,2016SVK
SVN,2000,88.93,2000SVN
SVN,2001,89.75,2001SVN
SVN,2002,90.68,2002SVN
SVN,2003,91.49,2003SVN
SVN,2004,92,2004SVN
SVN,2005,92.57,2005SVN
SVN,2006,93.15,2006SVN
SVN,2007,93.65,2007SVN
SVN,2008,94.06,2008SVN
SVN,2009,94.41,2009SVN
SVN,2010,94.81,2010SVN
SVN,2011,95.08,2011SVN
SVN,2012,95.41,2012SVN
SVN,2013,95.66,2013SVN
SVN,2014,95.82,2014SVN
SVN,2015,95.99,2015SVN
SVN,2016,96.17,2016SVN
,2000,50.33615894,
,2001,51.1106708,
,2002,51.93279652,
,2003,52.66640731,
,2004,53.49300872,
,2005,54.29441829,
,2006,55.12530893,
,2007,55.99740715,
,2008,56.77949022,
,2009,57.55242781,
,2010,58.22420227,
,2011,58.76314926,
,2012,59.25110162,
,2013,59.70924939,
,2014,60.12201099,
,2015,60.44668865,
,2016,60.80786588,
SLB,2000,6.27,2000SLB
SLB,2001,6.45,2001SLB
SLB,2002,6.71,2002SLB
SLB,2003,6.78,2003SLB
SLB,2004,7.03,2004SLB
SLB,2005,7.17,2005SLB
SLB,2006,7.19,2006SLB
SLB,2007,7.38,2007SLB
SLB,2008,7.46,2008SLB
SLB,2009,7.66,2009SLB
SLB,2010,7.79,2010SLB
SLB,2011,7.95,2011SLB
SLB,2012,8.01,2012SLB
SLB,2013,8.13,2013SLB
SLB,2014,8.23,2014SLB
SLB,2015,8.36,2015SLB
SLB,2016,8.45,2016SLB
SOM,2000,0.64,2000SOM
SOM,2001,0.69,2001SOM
SOM,2002,0.75,2002SOM
SOM,2003,0.82,2003SOM
SOM,2004,0.88,2004SOM
SOM,2005,0.95,2005SOM
SOM,2006,1.02,2006SOM
SOM,2007,1.11,2007SOM
SOM,2008,1.2,2008SOM
SOM,2009,1.29,2009SOM
SOM,2010,1.41,2010SOM
SOM,2011,1.56,2011SOM
SOM,2012,1.68,2012SOM
SOM,2013,1.82,2013SOM
SOM,2014,1.97,2014SOM
SOM,2015,2.12,2015SOM
SOM,2016,2.34,2016SOM
ZAF,2000,56.43,2000ZAF
ZAF,2001,58.81,2001ZAF
ZAF,2002,61.01,2002ZAF
ZAF,2003,63.29,2003ZAF
ZAF,2004,65.6,2004ZAF
ZAF,2005,67.53,2005ZAF
ZAF,2006,69.58,2006ZAF
ZAF,2007,71.46,2007ZAF
ZAF,2008,73.35,2008ZAF
ZAF,2009,75.04,2009ZAF
ZAF,2010,76.65,2010ZAF
ZAF,2011,78.21,2011ZAF
ZAF,2012,79.65,2012ZAF
ZAF,2013,81,2013ZAF
ZAF,2014,82.36,2014ZAF
ZAF,2015,83.64,2015ZAF
ZAF,2016,84.75,2016ZAF
,2000,20.38263927,
,2001,21.90076516,
,2002,22.97410589,
,2003,23.88162936,
,2004,25.23305731,
,2005,26.13559683,
,2006,27.43338144,
,2007,28.58261658,
,2008,29.6653245,
,2009,30.46459348,
,2010,31.93673804,
,2011,32.96513783,
,2012,34.13983867,
,2013,35.29403235,
,2014,36.31865772,
,2015,37.41662049,
,2016,38.59055196,
,2000,20.38263927,
,2001,21.90076516,
,2002,22.97410589,
,2003,23.88162936,
,2004,25.23305731,
,2005,26.13559683,
,2006,27.43338144,
,2007,28.58261658,
,2008,29.6653245,
,2009,30.46459348,
,2010,31.93673804,
,2011,32.96513783,
,2012,34.13983867,
,2013,35.29403235,
,2014,36.31865772,
,2015,37.41662049,
,2016,38.59055196,
KOR,2000,96.21,2000KOR
KOR,2001,96.36,2001KOR
KOR,2002,96.46,2002KOR
KOR,2003,96.47,2003KOR
KOR,2004,96.6,2004KOR
KOR,2005,96.57,2005KOR
KOR,2006,96.59,2006KOR
KOR,2007,96.57,2007KOR
KOR,2008,96.73,2008KOR
KOR,2009,96.66,2009KOR
KOR,2010,96.8,2010KOR
KOR,2011,96.68,2011KOR
KOR,2012,96.79,2012KOR
KOR,2013,96.8,2013KOR
KOR,2014,96.77,2014KOR
KOR,2015,96.68,2015KOR
KOR,2016,96.68,2016KOR
SSD,2000,0.5,2000SSD
SSD,2001,0.51,2001SSD
SSD,2002,0.51,2002SSD
SSD,2003,0.52,2003SSD
SSD,2004,0.54,2004SSD
SSD,2005,0.53,2005SSD
SSD,2006,0.53,2006SSD
SSD,2007,0.56,2007SSD
SSD,2008,0.57,2008SSD
SSD,2009,0.59,2009SSD
SSD,2010,0.56,2010SSD
SSD,2011,0.58,2011SSD
SSD,2012,0.59,2012SSD
SSD,2013,0.58,2013SSD
SSD,2014,0.62,2014SSD
SSD,2015,0.63,2015SSD
SSD,2016,0.64,2016SSD
ESP,2000,100,2000ESP
ESP,2001,100,2001ESP
ESP,2002,100,2002ESP
ESP,2003,100,2003ESP
ESP,2004,100,2004ESP
ESP,2005,100,2005ESP
ESP,2006,100,2006ESP
ESP,2007,100,2007ESP
ESP,2008,100,2008ESP
ESP,2009,100,2009ESP
ESP,2010,100,2010ESP
ESP,2011,100,2011ESP
ESP,2012,100,2012ESP
ESP,2013,100,2013ESP
ESP,2014,100,2014ESP
ESP,2015,100,2015ESP
ESP,2016,100,2016ESP
LKA,2000,15.64,2000LKA
LKA,2001,16.2,2001LKA
LKA,2002,16.94,2002LKA
LKA,2003,17.31,2003LKA
LKA,2004,18.03,2004LKA
LKA,2005,18.68,2005LKA
LKA,2006,19.41,2006LKA
LKA,2007,20.01,2007LKA
LKA,2008,20.69,2008LKA
LKA,2009,21.12,2009LKA
LKA,2010,21.83,2010LKA
LKA,2011,22.74,2011LKA
LKA,2012,23.37,2012LKA
LKA,2013,24.06,2013LKA
LKA,2014,24.76,2014LKA
LKA,2015,25.44,2015LKA
LKA,2016,26.33,2016LKA
,2000,9.334193468,
,2001,9.607850515,
,2002,9.893931945,
,2003,10.16558881,
,2004,10.46576265,
,2005,10.76474494,
,2006,11.0536354,
,2007,11.32943983,
,2008,11.64285514,
,2009,11.93643408,
,2010,12.25389617,
,2011,12.58487383,
,2012,12.92108614,
,2013,13.25300352,
,2014,13.61526997,
,2015,13.96685263,
,2016,14.31986821,
,2000,9.334193468,
,2001,9.607850515,
,2002,9.893931945,
,2003,10.16558881,
,2004,10.46576265,
,2005,10.76474494,
,2006,11.0536354,
,2007,11.32943983,
,2008,11.64285514,
,2009,11.93643408,
,2010,12.25389617,
,2011,12.58487383,
,2012,12.92108614,
,2013,13.25300352,
,2014,13.61526997,
,2015,13.96685263,
,2016,14.31986821,
,2000,9.326033308,
,2001,9.599759955,
,2002,9.885650298,
,2003,10.15750925,
,2004,10.45776139,
,2005,10.75680577,
,2006,11.04571386,
,2007,11.32161032,
,2008,11.63496861,
,2009,11.92870857,
,2010,12.246124,
,2011,12.57746623,
,2012,12.91381726,
,2013,13.24579076,
,2014,13.60812908,
,2015,13.95973468,
,2016,14.31286616,
SDN,2000,14.21,2000SDN
SDN,2001,15.25,2001SDN
SDN,2002,16.57,2002SDN
SDN,2003,17.77,2003SDN
SDN,2004,19.14,2004SDN
SDN,2005,20.58,2005SDN
SDN,2006,22.19,2006SDN
SDN,2007,23.73,2007SDN
SDN,2008,25.38,2008SDN
SDN,2009,26.97,2009SDN
SDN,2010,28.94,2010SDN
SDN,2011,30.82,2011SDN
SDN,2012,32.75,2012SDN
SDN,2013,34.71,2013SDN
SDN,2014,36.93,2014SDN
SDN,2015,38.95,2015SDN
SDN,2016,41.29,2016SDN
SUR,2000,79.89,2000SUR
SUR,2001,80.72,2001SUR
SUR,2002,81.56,2002SUR
SUR,2003,82.25,2003SUR
SUR,2004,83.17,2004SUR
SUR,2005,83.77,2005SUR
SUR,2006,84.44,2006SUR
SUR,2007,85.08,2007SUR
SUR,2008,85.67,2008SUR
SUR,2009,86.24,2009SUR
SUR,2010,86.89,2010SUR
SUR,2011,87.41,2011SUR
SUR,2012,87.87,2012SUR
SUR,2013,88.33,2013SUR
SUR,2014,88.83,2014SUR
SUR,2015,89.26,2015SUR
SUR,2016,89.61,2016SUR
SWE,2000,100,2000SWE
SWE,2001,100,2001SWE
SWE,2002,100,2002SWE
SWE,2003,100,2003SWE
SWE,2004,100,2004SWE
SWE,2005,100,2005SWE
SWE,2006,100,2006SWE
SWE,2007,100,2007SWE
SWE,2008,100,2008SWE
SWE,2009,100,2009SWE
SWE,2010,100,2010SWE
SWE,2011,100,2011SWE
SWE,2012,100,2012SWE
SWE,2013,100,2013SWE
SWE,2014,100,2014SWE
SWE,2015,100,2015SWE
SWE,2016,100,2016SWE
CHE,2000,100,2000CHE
CHE,2001,100,2001CHE
CHE,2002,100,2002CHE
CHE,2003,100,2003CHE
CHE,2004,100,2004CHE
CHE,2005,100,2005CHE
CHE,2006,100,2006CHE
CHE,2007,100,2007CHE
CHE,2008,100,2008CHE
CHE,2009,100,2009CHE
CHE,2010,100,2010CHE
CHE,2011,100,2011CHE
CHE,2012,100,2012CHE
CHE,2013,100,2013CHE
CHE,2014,100,2014CHE
CHE,2015,100,2015CHE
CHE,2016,100,2016CHE
,2000,97.18,
,2001,97.53,
,2002,97.79,
,2003,97.99,
,2004,98.23,
,2005,98.37,
,2006,98.57,
,2007,98.56,
,2008,98.71,
,2009,98.76,
,2010,98.85,
,2011,98.9,
,2012,98.91,
,2013,98.99,
,2014,99.02,
,2015,99.05,
,2016,99.02,
TJK,2000,38.73,2000TJK
TJK,2001,41.58,2001TJK
TJK,2002,44.57,2002TJK
TJK,2003,47.65,2003TJK
TJK,2004,50.73,2004TJK
TJK,2005,53.63,2005TJK
TJK,2006,56.3,2006TJK
TJK,2007,59.31,2007TJK
TJK,2008,62.08,2008TJK
TJK,2009,64.83,2009TJK
TJK,2010,67.4,2010TJK
TJK,2011,70.04,2011TJK
TJK,2012,72.25,2012TJK
TJK,2013,74.5,2013TJK
TJK,2014,76.55,2014TJK
TJK,2015,78.55,2015TJK
TJK,2016,80.41,2016TJK
TZA,2000,1.08,2000TZA
TZA,2001,1.1,2001TZA
TZA,2002,1.15,2002TZA
TZA,2003,1.2,2003TZA
TZA,2004,1.28,2004TZA
TZA,2005,1.35,2005TZA
TZA,2006,1.36,2006TZA
TZA,2007,1.44,2007TZA
TZA,2008,1.53,2008TZA
TZA,2009,1.54,2009TZA
TZA,2010,1.66,2010TZA
TZA,2011,1.74,2011TZA
TZA,2012,1.85,2012TZA
TZA,2013,1.93,2013TZA
TZA,2014,2,2014TZA
TZA,2015,2.15,2015TZA
TZA,2016,2.16,2016TZA
THA,2000,68.04,2000THA
THA,2001,68.45,2001THA
THA,2002,68.77,2002THA
THA,2003,69.49,2003THA
THA,2004,69.57,2004THA
THA,2005,70.21,2005THA
THA,2006,70.65,2006THA
THA,2007,70.96,2007THA
THA,2008,71.46,2008THA
THA,2009,72.17,2009THA
THA,2010,72.31,2010THA
THA,2011,72.83,2011THA
THA,2012,73.22,2012THA
THA,2013,73.69,2013THA
THA,2014,73.67,2014THA
THA,2015,74.33,2015THA
THA,2016,74.43,2016THA
TLS,2000,2.27,2000TLS
TLS,2001,2.41,2001TLS
TLS,2002,2.54,2002TLS
TLS,2003,2.69,2003TLS
TLS,2004,2.96,2004TLS
TLS,2005,3.12,2005TLS
TLS,2006,3.37,2006TLS
TLS,2007,3.56,2007TLS
TLS,2008,3.89,2008TLS
TLS,2009,4.09,2009TLS
TLS,2010,4.54,2010TLS
TLS,2011,4.77,2011TLS
TLS,2012,5.21,2012TLS
TLS,2013,5.67,2013TLS
TLS,2014,5.98,2014TLS
TLS,2015,6.53,2015TLS
TLS,2016,6.92,2016TLS
TGO,2000,0.34,2000TGO
TGO,2001,0.48,2001TGO
TGO,2002,0.66,2002TGO
TGO,2003,0.9,2003TGO
TGO,2004,1.21,2004TGO
TGO,2005,1.59,2005TGO
TGO,2006,2.02,2006TGO
TGO,2007,2.44,2007TGO
TGO,2008,2.98,2008TGO
TGO,2009,3.46,2009TGO
TGO,2010,4.02,2010TGO
TGO,2011,4.52,2011TGO
TGO,2012,4.88,2012TGO
TGO,2013,5.37,2013TGO
TGO,2014,5.78,2014TGO
TGO,2015,6.24,2015TGO
TGO,2016,6.71,2016TGO
TON,2000,47.98,2000TON
TON,2001,49.23,2001TON
TON,2002,50.42,2002TON
TON,2003,51.39,2003TON
TON,2004,52.28,2004TON
TON,2005,53.01,2005TON
TON,2006,53.93,2006TON
TON,2007,54.66,2007TON
TON,2008,55.33,2008TON
TON,2009,56.01,2009TON
TON,2010,56.39,2010TON
TON,2011,56.95,2011TON
TON,2012,57.46,2012TON
TON,2013,57.91,2013TON
TON,2014,58.31,2014TON
TON,2015,58.85,2015TON
TON,2016,59.17,2016TON
TTO,2000,98.73,2000TTO
TTO,2001,98.81,2001TTO
TTO,2002,98.89,2002TTO
TTO,2003,98.94,2003TTO
TTO,2004,99,2004TTO
TTO,2005,99.04,2005TTO
TTO,2006,99.06,2006TTO
TTO,2007,99.15,2007TTO
TTO,2008,99.17,2008TTO
TTO,2009,99.17,2009TTO
TTO,2010,99.21,2010TTO
TTO,2011,99.22,2011TTO
TTO,2012,99.23,2012TTO
TTO,2013,99.25,2013TTO
TTO,2014,99.26,2014TTO
TTO,2015,99.27,2015TTO
TTO,2016,99.26,2016TTO
TUN,2000,93.3,2000TUN
TUN,2001,94.3,2001TUN
TUN,2002,95.05,2002TUN
TUN,2003,95.76,2003TUN
TUN,2004,96.34,2004TUN
TUN,2005,96.85,2005TUN
TUN,2006,97.24,2006TUN
TUN,2007,97.56,2007TUN
TUN,2008,97.88,2008TUN
TUN,2009,98.1,2009TUN
TUN,2010,98.34,2010TUN
TUN,2011,98.52,2011TUN
TUN,2012,98.68,2012TUN
TUN,2013,98.8,2013TUN
TUN,2014,98.94,2014TUN
TUN,2015,99.03,2015TUN
TUN,2016,99.1,2016TUN
TKM,2000,96.3,2000TKM
TKM,2001,96.83,2001TKM
TKM,2002,97.22,2002TKM
TKM,2003,97.63,2003TKM
TKM,2004,97.96,2004TKM
TKM,2005,98.2,2005TKM
TKM,2006,98.38,2006TKM
TKM,2007,98.57,2007TKM
TKM,2008,98.69,2008TKM
TKM,2009,98.85,2009TKM
TKM,2010,98.94,2010TKM
TKM,2011,99.03,2011TKM
TKM,2012,99.1,2012TKM
TKM,2013,99.18,2013TKM
TKM,2014,99.22,2014TKM
TKM,2015,99.27,2015TKM
TKM,2016,99.32,2016TKM
TUV,2000,18.63,2000TUV
TUV,2001,19.77,2001TUV
TUV,2002,21.18,2002TUV
TUV,2003,22.68,2003TUV
TUV,2004,24.25,2004TUV
TUV,2005,26.09,2005TUV
TUV,2006,28.19,2006TUV
TUV,2007,30.48,2007TUV
TUV,2008,32.98,2008TUV
TUV,2009,35.3,2009TUV
TUV,2010,37.7,2010TUV
TUV,2011,39.98,2011TUV
TUV,2012,42.29,2012TUV
TUV,2013,44.58,2013TUV
TUV,2014,46.54,2014TUV
TUV,2015,48.5,2015TUV
TUV,2016,50.42,2016TUV
UGA,2000,1.01,2000UGA
UGA,2001,0.98,2001UGA
UGA,2002,0.99,2002UGA
UGA,2003,0.93,2003UGA
UGA,2004,0.94,2004UGA
UGA,2005,0.91,2005UGA
UGA,2006,0.88,2006UGA
UGA,2007,0.89,2007UGA
UGA,2008,0.86,2008UGA
UGA,2009,0.84,2009UGA
UGA,2010,0.83,2010UGA
UGA,2011,0.84,2011UGA
UGA,2012,0.81,2012UGA
UGA,2013,0.78,2013UGA
UGA,2014,0.78,2014UGA
UGA,2015,0.76,2015UGA
UGA,2016,0.77,2016UGA
UKR,2000,88.25,2000UKR
UKR,2001,89.05,2001UKR
UKR,2002,89.7,2002UKR
UKR,2003,90.58,2003UKR
UKR,2004,91.15,2004UKR
UKR,2005,91.86,2005UKR
UKR,2006,92.51,2006UKR
UKR,2007,92.92,2007UKR
UKR,2008,93.35,2008UKR
UKR,2009,93.71,2009UKR
UKR,2010,94.14,2010UKR
UKR,2011,94.48,2011UKR
UKR,2012,94.85,2012UKR
UKR,2013,95.1,2013UKR
UKR,2014,95.32,2014UKR
UKR,2015,95.49,2015UKR
UKR,2016,95.73,2016UKR
ARE,2000,96.57,2000ARE
ARE,2001,97,2001ARE
ARE,2002,97.21,2002ARE
ARE,2003,97.53,2003ARE
ARE,2004,97.74,2004ARE
ARE,2005,97.96,2005ARE
ARE,2006,98.09,2006ARE
ARE,2007,98.14,2007ARE
ARE,2008,98.34,2008ARE
ARE,2009,98.44,2009ARE
ARE,2010,98.4,2010ARE
ARE,2011,98.47,2011ARE
ARE,2012,98.5,2012ARE
ARE,2013,98.55,2013ARE
ARE,2014,98.58,2014ARE
ARE,2015,98.63,2015ARE
ARE,2016,98.51,2016ARE
GBR,2000,100,2000GBR
GBR,2001,100,2001GBR
GBR,2002,100,2002GBR
GBR,2003,100,2003GBR
GBR,2004,100,2004GBR
GBR,2005,100,2005GBR
GBR,2006,100,2006GBR
GBR,2007,100,2007GBR
GBR,2008,100,2008GBR
GBR,2009,100,2009GBR
GBR,2010,100,2010GBR
GBR,2011,100,2011GBR
GBR,2012,100,2012GBR
GBR,2013,100,2013GBR
GBR,2014,100,2014GBR
GBR,2015,100,2015GBR
GBR,2016,100,2016GBR
USA,2000,100,2000USA
USA,2001,100,2001USA
USA,2002,100,2002USA
USA,2003,100,2003USA
USA,2004,100,2004USA
USA,2005,100,2005USA
USA,2006,100,2006USA
USA,2007,100,2007USA
USA,2008,100,2008USA
USA,2009,100,2009USA
USA,2010,100,2010USA
USA,2011,100,2011USA
USA,2012,100,2012USA
USA,2013,100,2013USA
USA,2014,100,2014USA
USA,2015,100,2015USA
USA,2016,100,2016USA
,2000,60.64469897,
,2001,61.85508723,
,2002,62.71997126,
,2003,63.69552402,
,2004,64.4106071,
,2005,65.25716675,
,2006,66.17170542,
,2007,66.88754173,
,2008,67.71483872,
,2009,68.41730954,
,2010,69.15751726,
,2011,69.83943475,
,2012,70.50163949,
,2013,71.20882901,
,2014,71.74133386,
,2015,72.33647515,
,2016,72.90087964,
URY,2000,96.05,2000URY
URY,2001,96.29,2001URY
URY,2002,96.5,2002URY
URY,2003,96.64,2003URY
URY,2004,96.82,2004URY
URY,2005,96.95,2005URY
URY,2006,97.13,2006URY
URY,2007,97.28,2007URY
URY,2008,97.37,2008URY
URY,2009,97.45,2009URY
URY,2010,97.52,2010URY
URY,2011,97.6,2011URY
URY,2012,97.69,2012URY
URY,2013,97.77,2013URY
URY,2014,97.84,2014URY
URY,2015,97.91,2015URY
URY,2016,97.97,2016URY
UZB,2000,79.55,2000UZB
UZB,2001,80.9,2001UZB
UZB,2002,82.13,2002UZB
UZB,2003,83.1,2003UZB
UZB,2004,84.25,2004UZB
UZB,2005,85.27,2005UZB
UZB,2006,86.16,2006UZB
UZB,2007,87.06,2007UZB
UZB,2008,87.91,2008UZB
UZB,2009,88.57,2009UZB
UZB,2010,89.07,2010UZB
UZB,2011,89.85,2011UZB
UZB,2012,90.44,2012UZB
UZB,2013,90.79,2013UZB
UZB,2014,91.35,2014UZB
UZB,2015,91.82,2015UZB
UZB,2016,92.1,2016UZB
VUT,2000,11.76,2000VUT
VUT,2001,12.07,2001VUT
VUT,2002,12.13,2002VUT
VUT,2003,12.42,2003VUT
VUT,2004,12.37,2004VUT
VUT,2005,12.45,2005VUT
VUT,2006,12.62,2006VUT
VUT,2007,12.56,2007VUT
VUT,2008,12.72,2008VUT
VUT,2009,12.67,2009VUT
VUT,2010,12.68,2010VUT
VUT,2011,12.71,2011VUT
VUT,2012,12.64,2012VUT
VUT,2013,12.62,2013VUT
VUT,2014,12.62,2014VUT
VUT,2015,12.72,2015VUT
VUT,2016,12.57,2016VUT
VEN,2000,96.29,2000VEN
VEN,2001,96.49,2001VEN
VEN,2002,96.63,2002VEN
VEN,2003,96.78,2003VEN
VEN,2004,96.85,2004VEN
VEN,2005,97.01,2005VEN
VEN,2006,97.11,2006VEN
VEN,2007,97.17,2007VEN
VEN,2008,97.26,2008VEN
VEN,2009,97.3,2009VEN
VEN,2010,97.37,2010VEN
VEN,2011,97.4,2011VEN
VEN,2012,97.44,2012VEN
VEN,2013,97.43,2013VEN
VEN,2014,97.42,2014VEN
VEN,2015,95.96,2015VEN
VEN,2016,96.16,2016VEN
VNM,2000,14.38,2000VNM
VNM,2001,17.05,2001VNM
VNM,2002,19.97,2002VNM
VNM,2003,22.81,2003VNM
VNM,2004,26.05,2004VNM
VNM,2005,29.23,2005VNM
VNM,2006,32.61,2006VNM
VNM,2007,36.04,2007VNM
VNM,2008,39.55,2008VNM
VNM,2009,43.12,2009VNM
VNM,2010,46.76,2010VNM
VNM,2011,50.14,2011VNM
VNM,2012,53.84,2012VNM
VNM,2013,57.23,2013VNM
VNM,2014,60.79,2014VNM
VNM,2015,63.81,2015VNM
VNM,2016,66.92,2016VNM
OWID_WRL,2000,49.42724312,2000OWID_WRL
OWID_WRL,2001,50.23107516,2001OWID_WRL
OWID_WRL,2002,50.83731438,2002OWID_WRL
OWID_WRL,2003,51.42755068,2003OWID_WRL
OWID_WRL,2004,52.07464386,2004OWID_WRL
OWID_WRL,2005,52.68429976,2005OWID_WRL
OWID_WRL,2006,53.42743972,2006OWID_WRL
OWID_WRL,2007,54.07094235,2007OWID_WRL
OWID_WRL,2008,54.76164754,2008OWID_WRL
OWID_WRL,2009,55.33122282,2009OWID_WRL
OWID_WRL,2010,56.07083378,2010OWID_WRL
OWID_WRL,2011,56.63512446,2011OWID_WRL
OWID_WRL,2012,57.2704388,2012OWID_WRL
OWID_WRL,2013,57.86976829,2013OWID_WRL
OWID_WRL,2014,58.36854575,2014OWID_WRL
OWID_WRL,2015,58.84984411,2015OWID_WRL
OWID_WRL,2016,59.35241816,2016OWID_WRL
YEM,2000,51.84,2000YEM
YEM,2001,52.73,2001YEM
YEM,2002,53.81,2002YEM
YEM,2003,54.8,2003YEM
YEM,2004,55.76,2004YEM
YEM,2005,56.67,2005YEM
YEM,2006,57.58,2006YEM
YEM,2007,58.46,2007YEM
YEM,2008,59.19,2008YEM
YEM,2009,60.01,2009YEM
YEM,2010,60.75,2010YEM
YEM,2011,61.68,2011YEM
YEM,2012,62.29,2012YEM
YEM,2013,63.03,2013YEM
YEM,2014,63.63,2014YEM
YEM,2015,64.28,2015YEM
YEM,2016,64.93,2016YEM
ZMB,2000,14,2000ZMB
ZMB,2001,14.11,2001ZMB
ZMB,2002,14.3,2002ZMB
ZMB,2003,14.46,2003ZMB
ZMB,2004,14.58,2004ZMB
ZMB,2005,14.73,2005ZMB
ZMB,2006,14.92,2006ZMB
ZMB,2007,15.08,2007ZMB
ZMB,2008,15.25,2008ZMB
ZMB,2009,15.43,2009ZMB
ZMB,2010,15.47,2010ZMB
ZMB,2011,15.71,2011ZMB
ZMB,2012,15.9,2012ZMB
ZMB,2013,15.99,2013ZMB
ZMB,2014,16.23,2014ZMB
ZMB,2015,16.31,2015ZMB
ZMB,2016,16.43,2016ZMB
ZWE,2000,32.4,2000ZWE
ZWE,2001,32.25,2001ZWE
ZWE,2002,32.18,2002ZWE
ZWE,2003,32.01,2003ZWE
ZWE,2004,31.77,2004ZWE
ZWE,2005,31.64,2005ZWE
ZWE,2006,31.34,2006ZWE
ZWE,2007,31.17,2007ZWE
ZWE,2008,30.97,2008ZWE
ZWE,2009,30.81,2009ZWE
ZWE,2010,30.46,2010ZWE
ZWE,2011,30.27,2011ZWE
ZWE,2012,30.02,2012ZWE
ZWE,2013,29.88,2013ZWE
ZWE,2014,29.63,2014ZWE
ZWE,2015,29.36,2015ZWE
ZWE,2016,29.05,2016ZWE
