Code,Year,Biofuels Production - PJ - Total,IDBfuelP
,1990,0.26084596,
,1991,0.26084596,
,1992,0.261560606,
,1993,0.26084596,
,1994,0.26084596,
,1995,0.26084596,
,1996,0.261560606,
,1997,0.391268939,
,1998,0.391268939,
,1999,0.26084596,
,2000,0.261560606,
,2001,0.26084596,
,2002,1.28361152,
,2003,1.804799616,
,2004,2.076610505,
,2005,2.266929159,
,2006,2.406844225,
,2007,2.53048238,
,2008,2.017030734,
,2009,11.96821735,
,2010,12.51500898,
,2011,13.60773202,
,2012,9.704480034,
,2013,9.917397476,
,2014,11.0549585,
,2015,14.96337158,
,2016,16.32280586,
,2017,17.00944799,
,2018,19.56317469,
,2019,20.85050336,
ARG,1990,0,1990ARG
ARG,1991,0,1991ARG
ARG,1992,0,1992ARG
ARG,1993,0,1993ARG
ARG,1994,0,1994ARG
ARG,1995,0,1995ARG
ARG,1996,0,1996ARG
ARG,1997,0,1997ARG
ARG,1998,0,1998ARG
ARG,1999,0,1999ARG
ARG,2000,0.191541726,2000ARG
ARG,2001,0.382036775,2001ARG
ARG,2002,0.382036775,2002ARG
ARG,2003,0.382036775,2003ARG
ARG,2004,0.383083451,2004ARG
ARG,2005,0.382036775,2005ARG
ARG,2006,1.276533305,2006ARG
ARG,2007,7.249027532,2007ARG
ARG,2008,25.61810927,2008ARG
ARG,2009,43.07431498,2009ARG
ARG,2010,71.61819922,2010ARG
ARG,2011,93.04133578,2011ARG
ARG,2012,95.40913451,2012ARG
ARG,2013,85.81926639,2013ARG
ARG,2014,110.103926,2014ARG
ARG,2015,84.46264035,2015ARG
ARG,2016,117.9658235,2016ARG
ARG,2017,130.4347328,2017ARG
ARG,2018,114.1323432,2018ARG
ARG,2019,102.7801037,2019ARG
,1990,0,
,1991,0,
,1992,0,
,1993,0,
,1994,0,
,1995,0,
,1996,0,
,1997,0,
,1998,0,
,1999,0,
,2000,3.792628788,
,2001,4.103707781,
,2002,10.92390641,
,2003,24.74127239,
,2004,24.99299057,
,2005,39.3701592,
,2006,63.82514084,
,2007,87.34264495,
,2008,139.2846189,
,2009,144.502927,
,2010,155.1828426,
,2011,248.0898513,
,2012,298.4256117,
,2013,356.7784437,
,2014,430.4620882,
,2015,360.6633908,
,2016,410.7755844,
,2017,425.7216141,
,2018,542.0163217,
,2019,655.8770122,
AUS,1990,0,1990AUS
AUS,1991,0,1991AUS
AUS,1992,0,1992AUS
AUS,1993,0,1993AUS
AUS,1994,0,1994AUS
AUS,1995,0,1995AUS
AUS,1996,0,1996AUS
AUS,1997,0,1997AUS
AUS,1998,0,1998AUS
AUS,1999,0,1999AUS
AUS,2000,0,2000AUS
AUS,2001,0,2001AUS
AUS,2002,0,2002AUS
AUS,2003,1.925928,2003AUS
AUS,2004,1.154505726,2004AUS
AUS,2005,1.135660775,2005AUS
AUS,2006,2.14571755,2006AUS
AUS,2007,4.184152713,2007AUS
AUS,2008,6.74803553,2008AUS
AUS,2009,9.706162686,2009AUS
AUS,2010,7.570894686,2010AUS
AUS,2011,9.15899155,2011AUS
AUS,2012,9.697790896,2012AUS
AUS,2013,10.2420749,2013AUS
AUS,2014,10.75719792,2014AUS
AUS,2015,9.512706461,2015AUS
AUS,2016,8.064649278,2016AUS
AUS,2017,5.336006911,2017AUS
AUS,2018,6.298970911,2018AUS
AUS,2019,6.698002102,2019AUS
AUT,1990,0.2637684,1990AUT
AUT,1991,0.2888892,1991AUT
AUT,1992,0.3223836,1992AUT
AUT,1993,0.3642516,1993AUT
AUT,1994,0.2428344,1994AUT
AUT,1995,0.4689216,1995AUT
AUT,1996,0.5107896,1996AUT
AUT,1997,0.5526576,1997AUT
AUT,1998,0.5945256,1998AUT
AUT,1999,0.6531408,1999AUT
AUT,2000,0.766166902,2000AUT
AUT,2001,0.76407355,2001AUT
AUT,2002,0.955091938,2002AUT
AUT,2003,1.146110325,2003AUT
AUT,2004,2.106958982,2004AUT
AUT,2005,3.056294201,2005AUT
AUT,2006,4.584441301,2006AUT
AUT,2007,9.291124326,2007AUT
AUT,2008,11.250271,2008AUT
AUT,2009,15.61262591,2009AUT
AUT,2010,16.361598,2010AUT
AUT,2011,16.3093,2011AUT
AUT,2012,16.3093,2012AUT
AUT,2013,15.6738,2013AUT
AUT,2014,13.7868,2014AUT
AUT,2015,15.9546,2015AUT
AUT,2016,17.5608,2016AUT
AUT,2017,16.3681,2017AUT
AUT,2018,16.16291,2018AUT
AUT,2019,15.8902,2019AUT
BEL,1990,0,1990BEL
BEL,1991,0,1991BEL
BEL,1992,0,1992BEL
BEL,1993,0,1993BEL
BEL,1994,0,1994BEL
BEL,1995,0,1995BEL
BEL,1996,0,1996BEL
BEL,1997,0,1997BEL
BEL,1998,0,1998BEL
BEL,1999,0,1999BEL
BEL,2000,0,2000BEL
BEL,2001,0,2001BEL
BEL,2002,0,2002BEL
BEL,2003,0,2003BEL
BEL,2004,0,2004BEL
BEL,2005,0,2005BEL
BEL,2006,0,2006BEL
BEL,2007,0,2007BEL
BEL,2008,0,2008BEL
BEL,2009,5.638698504,2009BEL
BEL,2010,15.29819039,2010BEL
BEL,2011,17.66461162,2011BEL
BEL,2012,18.72923112,2012BEL
BEL,2013,18.39005845,2013BEL
BEL,2014,24.07744944,2014BEL
BEL,2015,16.16858424,2015BEL
BEL,2016,15.57234205,2016BEL
BEL,2017,18.65403619,2017BEL
BEL,2018,17.76781624,2018BEL
BEL,2019,19.17891692,2019BEL
BRA,1990,258.8665323,1990BRA
BRA,1991,289.0728719,1991BRA
BRA,1992,264.4403212,1992BRA
BRA,1993,256.1021129,1993BRA
BRA,1994,281.2291126,1994BRA
BRA,1995,286.4433022,1995BRA
BRA,1996,317.6610148,1996BRA
BRA,1997,348.2269537,1997BRA
BRA,1998,317.3688404,1998BRA
BRA,1999,291.7473916,1999BRA
BRA,2000,240.4820191,2000BRA
BRA,2001,257.6978347,2001BRA
BRA,2002,282.8922593,2002BRA
BRA,2003,325.2193422,2003BRA
BRA,2004,329.2131417,2004BRA
BRA,2005,360.5199663,2005BRA
BRA,2006,401.522327,2006BRA
BRA,2007,520.2746229,2007BRA
BRA,2008,648.3865556,2008BRA
BRA,2009,639.5980788,2009BRA
BRA,2010,706.5009529,2010BRA
BRA,2011,603.0053241,2011BRA
BRA,2012,617.0883496,2012BRA
BRA,2013,716.5139478,2013BRA
BRA,2014,753.6814158,2014BRA
BRA,2015,809.451443,2015BRA
BRA,2016,760.6390994,2016BRA
BRA,2017,763.671655,2017BRA
BRA,2018,922.2293623,2018BRA
BRA,2019,992.1686418,2019BRA
,1990,0,
,1991,0,
,1992,0,
,1993,0,
,1994,0,
,1995,0,
,1996,0,
,1997,0,
,1998,0,
,1999,0,
,2000,0,
,2001,0,
,2002,0,
,2003,0,
,2004,0,
,2005,0,
,2006,0,
,2007,0.06521149,
,2008,0.296,
,2009,0.851,
,2010,1.406,
,2011,1.147,
,2012,1.221,
,2013,0.964696995,
,2014,1.039371243,
,2015,0.943537117,
,2016,0.911966991,
,2017,0.912191741,
,2018,0.925815741,
,2019,0.925815741,
CAN,1990,0,1990CAN
CAN,1991,0,1991CAN
CAN,1992,0,1992CAN
CAN,1993,0,1993CAN
CAN,1994,0,1994CAN
CAN,1995,0,1995CAN
CAN,1996,0,1996CAN
CAN,1997,0,1997CAN
CAN,1998,0,1998CAN
CAN,1999,2.217190657,1999CAN
CAN,2000,4.838871212,2000CAN
CAN,2001,5.086496212,2001CAN
CAN,2002,5.216919192,2002CAN
CAN,2003,5.216919192,2003CAN
CAN,2004,5.416212121,2004CAN
CAN,2005,6.293611111,2005CAN
CAN,2006,7.218611111,2006CAN
CAN,2007,21.03237121,2007CAN
CAN,2008,22.72504545,2008CAN
CAN,2009,31.86249346,2009CAN
CAN,2010,36.21331006,2010CAN
CAN,2011,42.1294236,2011CAN
CAN,2012,43.9372622,2012CAN
CAN,2013,42.42397795,2013CAN
CAN,2014,46.85551985,2014CAN
CAN,2015,48.76243334,2015CAN
CAN,2016,52.36172189,2016CAN
CAN,2017,56.91340549,2017CAN
CAN,2018,55.86920372,2018CAN
CAN,2019,63.91944661,2019CAN
CHN,1990,0,1990CHN
CHN,1991,0,1991CHN
CHN,1992,0,1992CHN
CHN,1993,0,1993CHN
CHN,1994,0,1994CHN
CHN,1995,0,1995CHN
CHN,1996,0,1996CHN
CHN,1997,0,1997CHN
CHN,1998,0,1998CHN
CHN,1999,0,1999CHN
CHN,2000,0,2000CHN
CHN,2001,0.191018388,2001CHN
CHN,2002,6.712167377,2002CHN
CHN,2003,18.45023556,2003CHN
CHN,2004,22.66649678,2004CHN
CHN,2005,31.55438737,2005CHN
CHN,2006,45.99411519,2006CHN
CHN,2007,50.6113381,2007CHN
CHN,2008,62.61669878,2008CHN
CHN,2009,68.42685798,2009CHN
CHN,2010,66.5235449,2010CHN
CHN,2011,82.72760906,2011CHN
CHN,2012,88.3564114,2012CHN
CHN,2013,98.22253823,2013CHN
CHN,2014,109.2147863,2014CHN
CHN,2015,93.33052275,2015CHN
CHN,2016,89.48015915,2016CHN
CHN,2017,108.4997543,2017CHN
CHN,2018,104.4248652,2018CHN
CHN,2019,111.312927,2019CHN
COL,1990,0,1990COL
COL,1991,0,1991COL
COL,1992,0,1992COL
COL,1993,0,1993COL
COL,1994,0,1994COL
COL,1995,0,1995COL
COL,1996,0,1996COL
COL,1997,0,1997COL
COL,1998,0,1998COL
COL,1999,0,1999COL
COL,2000,0,2000COL
COL,2001,0,2001COL
COL,2002,0,2002COL
COL,2003,0,2003COL
COL,2004,0,2004COL
COL,2005,0.652114899,2005COL
COL,2006,4.902330329,2006COL
COL,2007,5.310678104,2007COL
COL,2008,5.581011616,2008COL
COL,2009,12.23602805,2009COL
COL,2010,18.17912524,2010COL
COL,2011,23.07478375,2011COL
COL,2012,25.32570432,2012COL
COL,2013,26.20025696,2013COL
COL,2014,27.21384493,2014COL
COL,2015,27.77320258,2015COL
COL,2016,27.01953182,2016COL
COL,2017,24.7777018,2017COL
COL,2018,30.81519395,2018COL
COL,2019,29.38417369,2019COL
,1990,0.2637684,
,1991,0.2888892,
,1992,0.7286992,
,1993,1.810032644,
,1994,5.042762552,
,1995,8.908506064,
,1996,12.92478158,
,1997,16.52656463,
,1998,15.74181571,
,1999,18.01841665,
,2000,29.27043731,
,2001,36.13839481,
,2002,48.42675428,
,2003,61.22418861,
,2004,91.65758789,
,2005,125.4634799,
,2006,184.7723628,
,2007,252.2768828,
,2008,326.3084088,
,2009,401.2723722,
,2010,457.3276202,
,2011,449.7545728,
,2012,487.5035964,
,2013,529.0444045,
,2014,585.2715753,
,2015,591.2546103,
,2016,576.662145,
,2017,645.9485378,
,2018,679.7851645,
,2019,661.8046026,
,1990,0,
,1991,0,
,1992,0.1258,
,1993,0.2072,
,1994,0.3404,
,1995,0.4366,
,1996,0.7252,
,1997,1.082129317,
,1998,0.635673843,
,1999,1.184759228,
,2000,2.546473475,
,2001,5.126561387,
,2002,5.530838745,
,2003,6.037724227,
,2004,6.654923082,
,2005,10.2268223,
,2006,14.82219161,
,2007,19.18996357,
,2008,37.23177525,
,2009,44.19449977,
,2010,44.4868254,
,2011,48.81955927,
,2012,58.17447409,
,2013,61.94293552,
,2014,62.72446037,
,2015,70.630089,
,2016,74.66737038,
,2017,78.69855783,
,2018,86.999053,
,2019,89.18072921,
FIN,1990,0,1990FIN
FIN,1991,0,1991FIN
FIN,1992,0,1992FIN
FIN,1993,0,1993FIN
FIN,1994,0,1994FIN
FIN,1995,0,1995FIN
FIN,1996,0,1996FIN
FIN,1997,0,1997FIN
FIN,1998,0,1998FIN
FIN,1999,0,1999FIN
FIN,2000,0,2000FIN
FIN,2001,0,2001FIN
FIN,2002,0,2002FIN
FIN,2003,0,2003FIN
FIN,2004,0,2004FIN
FIN,2005,0,2005FIN
FIN,2006,0,2006FIN
FIN,2007,1.539988776,2007FIN
FIN,2008,3.526164828,2008FIN
FIN,2009,9.678248748,2009FIN
FIN,2010,12.58556267,2010FIN
FIN,2011,8.684804844,2011FIN
FIN,2012,11.02752878,2012FIN
FIN,2013,13.8217991,2013FIN
FIN,2014,15.36605842,2014FIN
FIN,2015,18.09380048,2015FIN
FIN,2016,4.578307668,2016FIN
FIN,2017,12.97150189,2017FIN
FIN,2018,11.77462138,2018FIN
FIN,2019,12.34577838,2019FIN
FRA,1990,0,1990FRA
FRA,1991,0,1991FRA
FRA,1992,0.094496076,1992FRA
FRA,1993,1.05256152,1993FRA
FRA,1994,3.417936048,1994FRA
FRA,1995,6.7009734,1995FRA
FRA,1996,9.642786552,1996FRA
FRA,1997,11.54376122,1997FRA
FRA,1998,10.7916026,1998FRA
FRA,1999,11.34451141,1999FRA
FRA,2000,13.59311609,2000FRA
FRA,2001,13.56083586,2001FRA
FRA,2002,14.5251815,2002FRA
FRA,2003,15.94831669,2003FRA
FRA,2004,16.7178924,2004FRA
FRA,2005,27.00611604,2005FRA
FRA,2006,28.31800795,2006FRA
FRA,2007,47.20981252,2007FRA
FRA,2008,87.04415815,2008FRA
FRA,2009,97.40058476,2009FRA
FRA,2010,94.94954831,2010FRA
FRA,2011,94.45219834,2011FRA
FRA,2012,109.1304492,2012FRA
FRA,2013,106.1817279,2013FRA
FRA,2014,114.7819594,2014FRA
FRA,2015,117.7162363,2015FRA
FRA,2016,110.3665601,2016FRA
FRA,2017,116.8384318,2017FRA
FRA,2018,130.0900306,2018FRA
FRA,2019,113.0105236,2019FRA
DEU,1990,0,1990DEU
DEU,1991,0,1991DEU
DEU,1992,0.186019524,1992DEU
DEU,1993,0.186019524,1993DEU
DEU,1994,1.041592104,1994DEU
DEU,1995,1.302011064,1995DEU
DEU,1996,2.046005424,1996DEU
DEU,1997,3.348016488,1997DEU
DEU,1998,3.720013668,1998DEU
DEU,1999,4.836005208,1999DEU
DEU,2000,9.300013236,2000DEU
DEU,2001,13.01998504,2001DEU
DEU,2002,20.46001237,2002DEU
DEU,2003,24.8864648,2003DEU
DEU,2004,38.11283963,2004DEU
DEU,2005,58.23491296,2005DEU
DEU,2006,95.7678165,2006DEU
DEU,2007,118.8837255,2007DEU
DEU,2008,105.8065069,2008DEU
DEU,2009,105.8755472,2009DEU
DEU,2010,131.2137258,2010DEU
DEU,2011,128.9291566,2011DEU
DEU,2012,120.8168547,2012DEU
DEU,2013,128.6783672,2013DEU
DEU,2014,144.8727742,2014DEU
DEU,2015,133.6119222,2015DEU
DEU,2016,135.1350719,2016DEU
DEU,2017,137.89126,2017DEU
DEU,2018,142.5690727,2018DEU
DEU,2019,143.4160967,2019DEU
IND,1990,0,1990IND
IND,1991,0,1991IND
IND,1992,0,1992IND
IND,1993,0,1993IND
IND,1994,0,1994IND
IND,1995,0,1995IND
IND,1996,0,1996IND
IND,1997,0,1997IND
IND,1998,0,1998IND
IND,1999,0,1999IND
IND,2000,3.792628788,2000IND
IND,2001,3.912689394,2001IND
IND,2002,4.173535354,2002IND
IND,2003,4.303958333,2003IND
IND,2004,0.842810815,2004IND
IND,2005,3.46030632,2005IND
IND,2006,3.099870281,2006IND
IND,2007,4.19074236,2007IND
IND,2008,6.454675702,2008IND
IND,2009,4.828643239,2009IND
IND,2010,7.869845623,2010IND
IND,2011,11.52676073,2011IND
IND,2012,10.99116238,2012IND
IND,2013,10.41327827,2013IND
IND,2014,11.3636911,2014IND
IND,2015,22.60126967,2015IND
IND,2016,27.61964937,2016IND
IND,2017,25.20303616,2017IND
IND,2018,42.78000409,2018IND
IND,2019,53.45163045,2019IND
IDN,1990,0,1990IDN
IDN,1991,0,1991IDN
IDN,1992,0,1992IDN
IDN,1993,0,1993IDN
IDN,1994,0,1994IDN
IDN,1995,0,1995IDN
IDN,1996,0,1996IDN
IDN,1997,0,1997IDN
IDN,1998,0,1998IDN
IDN,1999,0,1999IDN
IDN,2000,0,2000IDN
IDN,2001,0,2001IDN
IDN,2002,0,2002IDN
IDN,2003,0,2003IDN
IDN,2004,0,2004IDN
IDN,2005,0.37,2005IDN
IDN,2006,1.85,2006IDN
IDN,2007,9.09179552,2007IDN
IDN,2008,18.52679552,2008IDN
IDN,2009,6.299174737,2009IDN
IDN,2010,8.06624925,2010IDN
IDN,2011,59.71297953,2011IDN
IDN,2012,73.15354644,2012IDN
IDN,2013,92.37705855,2013IDN
IDN,2014,130.7886784,2014IDN
IDN,2015,54.43423095,2015IDN
IDN,2016,120.3444525,2016IDN
IDN,2017,112.444379,2017IDN
IDN,2018,203.0318881,2018IDN
IDN,2019,275.5150621,2019IDN
ITA,1990,0,1990ITA
ITA,1991,0,1991ITA
ITA,1992,0,1992ITA
ITA,1993,0,1993ITA
ITA,1994,0,1994ITA
ITA,1995,0,1995ITA
ITA,1996,0,1996ITA
ITA,1997,0,1997ITA
ITA,1998,0,1998ITA
ITA,1999,0,1999ITA
ITA,2000,0,2000ITA
ITA,2001,0,2001ITA
ITA,2002,0,2002ITA
ITA,2003,0,2003ITA
ITA,2004,10.5820114,2004ITA
ITA,2005,7.400001528,2005ITA
ITA,2006,8.251010496,2006ITA
ITA,2007,7.473982284,2007ITA
ITA,2008,26.20543241,2008ITA
ITA,2009,31.26890646,2009ITA
ITA,2010,32.56723314,2010ITA
ITA,2011,24.5534886,2011ITA
ITA,2012,13.03823948,2012ITA
ITA,2013,19.12471625,2013ITA
ITA,2014,21.4676914,2014ITA
ITA,2015,21.71358216,2015ITA
ITA,2016,21.93837145,2016ITA
ITA,2017,26.32190918,2017ITA
ITA,2018,28.39584056,2018ITA
ITA,2019,31.84827196,2019ITA
MEX,1990,0,1990MEX
MEX,1991,0,1991MEX
MEX,1992,0,1992MEX
MEX,1993,0,1993MEX
MEX,1994,0,1994MEX
MEX,1995,0,1995MEX
MEX,1996,0,1996MEX
MEX,1997,0,1997MEX
MEX,1998,0,1998MEX
MEX,1999,0,1999MEX
MEX,2000,0,2000MEX
MEX,2001,0,2001MEX
MEX,2002,0,2002MEX
MEX,2003,0,2003MEX
MEX,2004,0,2004MEX
MEX,2005,0,2005MEX
MEX,2006,0,2006MEX
MEX,2007,0,2007MEX
MEX,2008,0,2008MEX
MEX,2009,0,2009MEX
MEX,2010,0.224750096,2010MEX
MEX,2011,0.337123839,2011MEX
MEX,2012,0.37859923,2012MEX
MEX,2013,0.298742463,2013MEX
MEX,2014,0.317844302,2014MEX
MEX,2015,0.196970447,2015MEX
MEX,2016,0.518332574,2016MEX
MEX,2017,0.51631381,2017MEX
MEX,2018,0.51631381,2018MEX
MEX,2019,0.51631381,2019MEX
,1990,0,
,1991,0,
,1992,0,
,1993,0,
,1994,0,
,1995,0,
,1996,0,
,1997,0,
,1998,0,
,1999,0,
,2000,0,
,2001,0,
,2002,0.338402259,
,2003,0.376612482,
,2004,0.309594003,
,2005,0,
,2006,0,
,2007,0,
,2008,0,
,2009,0.516880615,
,2010,0.494407432,
,2011,0.539353799,
,2012,0.585900989,
,2013,0.629246534,
,2014,0.674192901,
,2015,0.719137964,
,2016,0.676040005,
,2017,0.674192901,
,2018,0.674192901,
,2019,0.674192901,
NLD,1990,0,1990NLD
NLD,1991,0,1991NLD
NLD,1992,0,1992NLD
NLD,1993,0,1993NLD
NLD,1994,0,1994NLD
NLD,1995,0,1995NLD
NLD,1996,0,1996NLD
NLD,1997,0,1997NLD
NLD,1998,0,1998NLD
NLD,1999,0,1999NLD
NLD,2000,0,2000NLD
NLD,2001,0,2001NLD
NLD,2002,0,2002NLD
NLD,2003,0,2003NLD
NLD,2004,0.261560606,2004NLD
NLD,2005,0.13042298,2005NLD
NLD,2006,0.9773,2006NLD
NLD,2007,3.428,2007NLD
NLD,2008,3.2691,2008NLD
NLD,2009,10.138,2009NLD
NLD,2010,16.35902055,2010NLD
NLD,2011,28.23577987,2011NLD
NLD,2012,53.43798023,2012NLD
NLD,2013,62.5912,2013NLD
NLD,2014,75.2444042,2014NLD
NLD,2015,81.15686073,2015NLD
NLD,2016,63.99910802,2016NLD
NLD,2017,83.26807328,2017NLD
NLD,2018,80.63120725,2018NLD
NLD,2019,79.20821634,2019NLD
,1990,63.60939188,
,1991,73.70612081,
,1992,83.80284973,
,1993,98.20671717,
,1994,109.6589268,
,1995,115.5047348,
,1996,82.82037879,
,1997,109.6053283,
,1998,119.5353409,
,1999,126.8551073,
,2000,142.8621162,
,2001,156.3309758,
,2002,188.6009011,
,2003,245.5793564,
,2004,298.5419501,
,2005,349.7772565,
,2006,453.9698862,
,2007,636.8574321,
,2008,899.1804734,
,2009,1026.689103,
,2010,1210.578892,
,2011,1348.06705,
,2012,1292.308935,
,2013,1343.019803,
,2014,1424.22926,
,2015,1466.131605,
,2016,1559.534264,
,2017,1612.071291,
,2018,1656.817169,
,2019,1621.499159,
,1990,0,
,1991,0,
,1992,0,
,1993,0,
,1994,0,
,1995,0,
,1996,0,
,1997,0,
,1998,0,
,1999,0,
,2000,0,
,2001,0,
,2002,0,
,2003,0.00041868,
,2004,0.0041868,
,2005,0.0411868,
,2006,5.193368041,
,2007,9.580217603,
,2008,16.35049377,
,2009,18.74251793,
,2010,17.25592504,
,2011,36.04127542,
,2012,48.44659539,
,2013,62.70440291,
,2014,76.78497885,
,2015,81.04252459,
,2016,76.30136093,
,2017,73.58357896,
,2018,78.19363409,
,2019,95.07311833,
,1990,3.031950209,
,1991,2.971206838,
,1992,2.804764297,
,1993,2.226092897,
,1994,2.060631682,
,1995,1.863237819,
,1996,1.748472121,
,1997,1.594342313,
,1998,1.313019813,
,1999,1.484962702,
,2000,1.442595885,
,2001,1.379760767,
,2002,5.257156065,
,2003,6.713964799,
,2004,6.597845267,
,2005,6.097779869,
,2006,12.62106817,
,2007,15.48101795,
,2008,20.5491097,
,2009,7.994670706,
,2010,8.260887271,
,2011,11.4607208,
,2012,11.44476091,
,2013,14.87382461,
,2014,16.75736624,
,2015,17.99216323,
,2016,22.81579384,
,2017,22.59282845,
,2018,25.30747832,
,2019,27.12673975,
POL,1990,0,1990POL
POL,1991,0,1991POL
POL,1992,0,1992POL
POL,1993,0,1993POL
POL,1994,0,1994POL
POL,1995,0,1995POL
POL,1996,0,1996POL
POL,1997,0,1997POL
POL,1998,0,1998POL
POL,1999,0,1999POL
POL,2000,0,2000POL
POL,2001,0,2001POL
POL,2002,0,2002POL
POL,2003,1.304229798,2003POL
POL,2004,0.261560606,2004POL
POL,2005,4.900680247,2005POL
POL,2006,6.428827347,2006POL
POL,2007,4.327625084,2007POL
POL,2008,12.1433954,2008POL
POL,2009,17.1026192,2009POL
POL,2010,18.3768857,2010POL
POL,2011,17.3293769,2011POL
POL,2012,27.279217,2012POL
POL,2013,29.1636307,2013POL
POL,2014,31.3806161,2014POL
POL,2015,34.0432,2015POL
POL,2016,38.7445,2016POL
POL,2017,38.5900537,2017POL
POL,2018,38.0797222,2018POL
POL,2019,40.15802826,2019POL
PRT,1990,0,1990PRT
PRT,1991,0,1991PRT
PRT,1992,0,1992PRT
PRT,1993,0,1993PRT
PRT,1994,0,1994PRT
PRT,1995,0,1995PRT
PRT,1996,0,1996PRT
PRT,1997,0,1997PRT
PRT,1998,0,1998PRT
PRT,1999,0,1999PRT
PRT,2000,0,2000PRT
PRT,2001,0,2001PRT
PRT,2002,0,2002PRT
PRT,2003,0,2003PRT
PRT,2004,0,2004PRT
PRT,2005,0.038203678,2005PRT
PRT,2006,2.943805445,2006PRT
PRT,2007,6.788979936,2007PRT
PRT,2008,6.238457604,2008PRT
PRT,2009,9.451449792,2009PRT
PRT,2010,11.89009332,2010PRT
PRT,2011,13.82786996,2011PRT
PRT,2012,11.53911388,2012PRT
PRT,2013,11.48878854,2013PRT
PRT,2014,12.61131149,2014PRT
PRT,2015,13.4261465,2015PRT
PRT,2016,12.46757864,2016PRT
PRT,2017,13.23577271,2017PRT
PRT,2018,13.69372489,2018PRT
PRT,2019,16.45729846,2019PRT
,1990,261.8984826,
,1991,292.0440788,
,1992,267.2450855,
,1993,258.3282058,
,1994,283.2897443,
,1995,288.30654,
,1996,319.4094869,
,1997,349.821296,
,1998,318.6818602,
,1999,293.2323543,
,2000,242.1161567,
,2001,259.4596322,
,2002,288.5314521,
,2003,332.3153437,
,2004,336.1940704,
,2005,367.6518979,
,2006,420.3222588,
,2007,548.3153465,
,2008,700.1347862,
,2009,702.9030926,
,2010,804.5591646,
,2011,730.5821644,
,2012,749.2679494,
,2013,843.4072958,
,2014,907.756553,
,2015,939.6794492,
,2016,928.4402486,
,2017,941.476918,
,2018,1092.484378,
,2019,1151.459659,
KOR,1990,0,1990KOR
KOR,1991,0,1991KOR
KOR,1992,0,1992KOR
KOR,1993,0,1993KOR
KOR,1994,0,1994KOR
KOR,1995,0,1995KOR
KOR,1996,0,1996KOR
KOR,1997,0,1997KOR
KOR,1998,0,1998KOR
KOR,1999,0,1999KOR
KOR,2000,0,2000KOR
KOR,2001,0,2001KOR
KOR,2002,0.038203678,2002KOR
KOR,2003,0.060731815,2003KOR
KOR,2004,0.194210139,2004KOR
KOR,2005,0.479468625,2005KOR
KOR,2006,1.908690666,2006KOR
KOR,2007,3.479488607,2007KOR
KOR,2008,6.461239669,2008KOR
KOR,2009,9.245455977,2009KOR
KOR,2010,12.97847111,2010KOR
KOR,2011,10.44554297,2011KOR
KOR,2012,15.0682932,2012KOR
KOR,2013,15.4534788,2013KOR
KOR,2014,16.2322236,2014KOR
KOR,2015,18.4763484,2015KOR
KOR,2016,18.5433372,2016KOR
KOR,2017,17.9236908,2017KOR
KOR,2018,18.8198754,2018KOR
KOR,2019,18.21663356,2019KOR
ESP,1990,0,1990ESP
ESP,1991,0,1991ESP
ESP,1992,0,1992ESP
ESP,1993,0,1993ESP
ESP,1994,0,1994ESP
ESP,1995,0,1995ESP
ESP,1996,0,1996ESP
ESP,1997,0,1997ESP
ESP,1998,0,1998ESP
ESP,1999,0,1999ESP
ESP,2000,3.06466761,2000ESP
ESP,2001,3.056294201,2001ESP
ESP,2002,5.473735409,2002ESP
ESP,2003,7.733057145,2003ESP
ESP,2004,9.445130084,2004ESP
ESP,2005,12.63373739,2005ESP
ESP,2006,11.42182924,2006ESP
ESP,2007,15.81525215,2007ESP
ESP,2008,16.08311238,2008ESP
ESP,2009,38.25568274,2009ESP
ESP,2010,42.79060566,2010ESP
ESP,2011,35.6288,2011ESP
ESP,2012,25.9453,2012ESP
ESP,2013,31.365,2013ESP
ESP,2014,43.118,2014ESP
ESP,2015,46.964,2015ESP
ESP,2016,50.2557113,2016ESP
ESP,2017,64.4992924,2017ESP
ESP,2018,77.0561646,2018ESP
ESP,2019,66.7375,2019ESP
SWE,1990,0,1990SWE
SWE,1991,0,1991SWE
SWE,1992,0,1992SWE
SWE,1993,0,1993SWE
SWE,1994,0,1994SWE
SWE,1995,0,1995SWE
SWE,1996,0,1996SWE
SWE,1997,0,1997SWE
SWE,1998,0,1998SWE
SWE,1999,0,1999SWE
SWE,2000,0,2000SWE
SWE,2001,0.61064478,2001SWE
SWE,2002,1.367283276,2002SWE
SWE,2003,3.786248844,2003SWE
SWE,2004,7.131627648,2004SWE
SWE,2005,1.506033828,2005SWE
SWE,2006,1.712317464,2006SWE
SWE,2007,2.053248588,2007SWE
SWE,2008,5.546379564,2008SWE
SWE,2009,7.655438196,2009SWE
SWE,2010,8.681287932,2010SWE
SWE,2011,8.038614132,2011SWE
SWE,2012,9.538116552,2012SWE
SWE,2013,9.527021532,2013SWE
SWE,2014,9.533929752,2014SWE
SWE,2015,9.159922908,2015SWE
SWE,2016,8.663996448,2016SWE
SWE,2017,7.530336612,2017SWE
SWE,2018,7.877968605,2018SWE
SWE,2019,9.952185541,2019SWE
THA,1990,0,1990THA
THA,1991,0,1991THA
THA,1992,0,1992THA
THA,1993,0,1993THA
THA,1994,0,1994THA
THA,1995,0,1995THA
THA,1996,0,1996THA
THA,1997,0,1997THA
THA,1998,0,1998THA
THA,1999,0,1999THA
THA,2000,0,2000THA
THA,2001,0,2001THA
THA,2002,0,2002THA
THA,2003,0,2003THA
THA,2004,0.130780303,2004THA
THA,2005,2.329149308,2005THA
THA,2006,3.633379106,2006THA
THA,2007,6.204910045,2007THA
THA,2008,22.12667989,2008THA
THA,2009,27.25411449,2009THA
THA,2010,34.917912,2010THA
THA,2011,38.476692,2011THA
THA,2012,52.711812,2012THA
THA,2013,67.365612,2013THA
THA,2014,75.320532,2014THA
THA,2015,81.265788,2015THA
THA,2016,70.421976,2016THA
THA,2017,82.731168,2017THA
THA,2018,88.467084,2018THA
THA,2019,95.60963861,2019THA
GBR,1990,0,1990GBR
GBR,1991,0,1991GBR
GBR,1992,0,1992GBR
GBR,1993,0,1993GBR
GBR,1994,0,1994GBR
GBR,1995,0,1995GBR
GBR,1996,0,1996GBR
GBR,1997,0,1997GBR
GBR,1998,0,1998GBR
GBR,1999,0,1999GBR
GBR,2000,0,2000GBR
GBR,2001,0,2001GBR
GBR,2002,0.114611033,2002GBR
GBR,2003,0.382036775,2003GBR
GBR,2004,0.383083451,2004GBR
GBR,2005,0.330254784,2005GBR
GBR,2006,9.544815432,2006GBR
GBR,2007,16.27518017,2007GBR
GBR,2008,11.9636554,2008GBR
GBR,2009,9.000070884,2009GBR
GBR,2010,11.76704327,2010GBR
GBR,2011,7.281012672,2011GBR
GBR,2012,12.53779128,2012GBR
GBR,2013,21.09535927,2013GBR
GBR,2014,16.30612062,2014GBR
GBR,2015,12.61566576,2015GBR
GBR,2016,22.71242704,2016GBR
GBR,2017,31.08121222,2017GBR
GBR,2018,28.6870325,2018GBR
GBR,2019,24.42085719,2019GBR
USA,1990,63.60939188,1990USA
USA,1991,73.70612081,1991USA
USA,1992,83.80284973,1992USA
USA,1993,98.20671717,1993USA
USA,1994,109.6589268,1994USA
USA,1995,115.5047348,1995USA
USA,1996,82.82037879,1996USA
USA,1997,109.6053283,1997USA
USA,1998,119.5353409,1998USA
USA,1999,124.6379167,1999USA
USA,2000,138.0232449,2000USA
USA,2001,151.2444796,2001USA
USA,2002,183.3839819,2002USA
USA,2003,240.3624372,2003USA
USA,2004,293.125738,2004USA
USA,2005,343.4836454,2005USA
USA,2006,446.7512751,2006USA
USA,2007,615.8250609,2007USA
USA,2008,876.4554279,2008USA
USA,2009,994.8266091,2009USA
USA,2010,1174.140832,2010USA
USA,2011,1305.600503,2011USA
USA,2012,1247.993074,2012USA
USA,2013,1300.297082,2013USA
USA,2014,1377.055896,2014USA
USA,2015,1417.172201,2015USA
USA,2016,1506.65421,2016USA
USA,2017,1554.641571,2017USA
USA,2018,1600.431652,2018USA
USA,2019,1557.063399,2019USA
OWID_WRL,1990,326.0324888,1990OWID_WRL
OWID_WRL,1991,366.2999347,1991OWID_WRL
OWID_WRL,1992,352.038195,1992OWID_WRL
OWID_WRL,1993,358.6058015,1993OWID_WRL
OWID_WRL,1994,398.2522796,1994OWID_WRL
OWID_WRL,1995,412.9806269,1995OWID_WRL
OWID_WRL,1996,415.4162079,1996OWID_WRL
OWID_WRL,1997,476.3444578,1997OWID_WRL
OWID_WRL,1998,454.3502857,1998OWID_WRL
OWID_WRL,1999,438.3667242,1999OWID_WRL
OWID_WRL,2000,418.3028996,2000OWID_WRL
OWID_WRL,2001,456.2935565,2001OWID_WRL
OWID_WRL,2002,538.1050277,2002OWID_WRL
OWID_WRL,2003,666.0415732,2003OWID_WRL
OWID_WRL,2004,753.7728035,2004OWID_WRL
OWID_WRL,2005,884.5297227,2005OWID_WRL
OWID_WRL,2006,1125.296493,2006OWID_WRL
OWID_WRL,2007,1527.388,2007OWID_WRL
OWID_WRL,2008,2067.221318,2008OWID_WRL
OWID_WRL,2009,2288.703592,2009OWID_WRL
OWID_WRL,2010,2642.063936,2010OWID_WRL
OWID_WRL,2011,2791.787725,2011OWID_WRL
OWID_WRL,2012,2839.017474,2012OWID_WRL
OWID_WRL,2013,3083.761288,2013OWID_WRL
OWID_WRL,2014,3360.487999,2014OWID_WRL
OWID_WRL,2015,3374.355102,2015OWID_WRL
OWID_WRL,2016,3493.323055,2016OWID_WRL
OWID_WRL,2017,3643.814193,2017OWID_WRL
OWID_WRL,2018,3992.266217,2018OWID_WRL
OWID_WRL,2019,4113.090945,2019OWID_WRL
