Code,Year,ValPol,IDO
AFG,2010,65.24559168,2010AFG
AFG,2011,66.83572711,2011AFG
AFG,2012,66.02317421,2012AFG
AFG,2013,61.36674452,2013AFG
AFG,2014,59.01033025,2014AFG
AFG,2015,61.2526558,2015AFG
AFG,2016,56.28704672,2016AFG
AFG,2017,56.91080835,2017AFG
AGO,2010,33.78724719,2010AGO
AGO,2011,33.10419463,2011AGO
AGO,2012,33.41549506,2012AGO
AGO,2013,34.66392257,2013AGO
AGO,2014,32.97402504,2014AGO
AGO,2015,32.72987314,2015AGO
AGO,2016,31.78538881,2016AGO
AGO,2017,32.38850491,2017AGO
ALB,2010,21.27782812,2010ALB
ALB,2011,22.77253665,2011ALB
ALB,2012,20.57825918,2012ALB
ALB,2013,19.93851711,2013ALB
ALB,2014,18.88395497,2014ALB
ALB,2015,19.51253962,2015ALB
ALB,2016,18.18993375,2016ALB
ALB,2017,18.20060252,2017ALB
AND,2010,12.8071975,2010AND
AND,2011,13.27350555,2011AND
AND,2012,12.40705303,2012AND
AND,2013,11.81367331,2013AND
AND,2014,10.83041825,2014AND
AND,2015,11.46217847,2015AND
AND,2016,10.25583443,2016AND
AND,2017,10.30762139,2017AND
ARB,2010,53.78700138,2010ARB
ARB,2011,52.65227869,2011ARB
ARB,2012,53.29726985,2012ARB
ARB,2013,54.05382189,2013ARB
ARB,2014,52.58360285,2014ARB
ARB,2015,60.40681347,2015ARB
ARB,2016,58.7649047,2016ARB
ARB,2017,58.6892586,2017ARB
ARE,2010,38.98006849,2010ARE
ARE,2011,39.1934301,2011ARE
ARE,2012,39.27712811,2012ARE
ARE,2013,39.6081551,2013ARE
ARE,2014,37.98342106,2014ARE
ARE,2015,42.33499,2015ARE
ARE,2016,40.52210348,2016ARE
ARE,2017,40.91750982,2017ARE
ARG,2010,16.85910062,2010ARG
ARG,2011,17.38298213,2011ARG
ARG,2012,16.13507182,2012ARG
ARG,2013,15.59737515,2013ARG
ARG,2014,14.46698041,2014ARG
ARG,2015,14.6316259,2015ARG
ARG,2016,13.75144403,2016ARG
ARG,2017,13.31183395,2017ARG
ARM,2010,37.53004093,2010ARM
ARM,2011,38.61227522,2011ARM
ARM,2012,37.18448464,2012ARM
ARM,2013,34.9372126,2013ARM
ARM,2014,33.08594982,2014ARM
ARM,2015,34.88143264,2015ARM
ARM,2016,32.22716773,2016ARM
ARM,2017,32.52811834,2017ARM
ASM,2010,15.07272173,2010ASM
ASM,2011,15.39064186,2011ASM
ASM,2012,14.34415015,2012ASM
ASM,2013,14.12722552,2013ASM
ASM,2014,13.31699203,2014ASM
ASM,2015,13.0193901,2015ASM
ASM,2016,12.38272987,2016ASM
ASM,2017,12.47382024,2017ASM
ATG,2010,22.52887611,2010ATG
ATG,2011,23.1478617,2011ATG
ATG,2012,21.47105044,2012ATG
ATG,2013,20.73538507,2013ATG
ATG,2014,19.72558362,2014ATG
ATG,2015,19.69638779,2015ATG
ATG,2016,18.46093032,2016ATG
ATG,2017,18.62234285,2017ATG
AUS,2010,10.6188794,2010AUS
AUS,2011,11.04726492,2011AUS
AUS,2012,10.53708999,2012AUS
AUS,2013,9.98768389,2013AUS
AUS,2014,9.492978752,2014AUS
AUS,2015,9.320015289,2015AUS
AUS,2016,8.614508924,2016AUS
AUS,2017,8.550324401,2017AUS
AUT,2010,15.14913995,2010AUT
AUT,2011,15.57337093,2011AUT
AUT,2012,14.28233205,2012AUT
AUT,2013,14.08161348,2013AUT
AUT,2014,13.37922794,2014AUT
AUT,2015,13.54109517,2015AUT
AUT,2016,12.59681605,2016AUT
AUT,2017,12.47796673,2017AUT
AZE,2010,23.0476012,2010AZE
AZE,2011,23.6298688,2011AZE
AZE,2012,22.18081034,2012AZE
AZE,2013,22.27878046,2013AZE
AZE,2014,20.71006751,2014AZE
AZE,2015,21.41412281,2015AZE
AZE,2016,20.20815664,2016AZE
AZE,2017,19.92866362,2017AZE
BDI,2010,38.38116825,2010BDI
BDI,2011,38.23619121,2011BDI
BDI,2012,41.01132776,2012BDI
BDI,2013,39.97107204,2013BDI
BDI,2014,39.38755864,2014BDI
BDI,2015,38.43088048,2015BDI
BDI,2016,38.65322349,2016BDI
BDI,2017,38.89626795,2017BDI
BEL,2010,16.00931923,2010BEL
BEL,2011,15.69844257,2011BEL
BEL,2012,14.74189365,2012BEL
BEL,2013,14.02266986,2013BEL
BEL,2014,13.2336213,2014BEL
BEL,2015,13.56652303,2015BEL
BEL,2016,12.83308751,2016BEL
BEL,2017,12.88651847,2017BEL
BEN,2010,32.39296916,2010BEN
BEN,2011,32.58084623,2011BEN
BEN,2012,31.99200044,2012BEN
BEN,2013,31.44329865,2013BEN
BEN,2014,29.66045567,2014BEN
BEN,2015,40.47068263,2015BEN
BEN,2016,38.44770366,2016BEN
BEN,2017,38.99995876,2017BEN
BFA,2010,37.49132872,2010BFA
BFA,2011,37.28137549,2011BFA
BFA,2012,38.78415146,2012BFA
BFA,2013,33.28720021,2013BFA
BFA,2014,33.96909317,2014BFA
BFA,2015,46.56216758,2015BFA
BFA,2016,41.53724291,2016BFA
BFA,2017,42.93559251,2017BFA
BGD,2010,70.76499566,2010BGD
BGD,2011,70.2105489,2011BGD
BGD,2012,70.79390882,2012BGD
BGD,2013,65.64508289,2013BGD
BGD,2014,68.3953774,2014BGD
BGD,2015,66.96574924,2015BGD
BGD,2016,60.12627467,2016BGD
BGD,2017,60.84578458,2017BGD
BGR,2010,22.75619549,2010BGR
BGR,2011,24.30032702,2011BGR
BGR,2012,22.64465578,2012BGR
BGR,2013,20.99963709,2013BGR
BGR,2014,20.74356996,2014BGR
BGR,2015,20.77642742,2015BGR
BGR,2016,19.28301303,2016BGR
BGR,2017,19.14913234,2017BGR
BHR,2010,65.63088097,2010BHR
BHR,2011,63.73249929,2011BHR
BHR,2012,70.28748254,2012BHR
BHR,2013,67.79467818,2013BHR
BHR,2014,62.75854371,2014BHR
BHR,2015,72.60467743,2015BHR
BHR,2016,69.86418236,2016BHR
BHR,2017,70.81620768,2017BHR
BHS,2010,21.1105137,2010BHS
BHS,2011,21.77442494,2011BHS
BHS,2012,20.31707569,2012BHS
BHS,2013,19.90940079,2013BHS
BHS,2014,18.49533328,2014BHS
BHS,2015,18.88630621,2015BHS
BHS,2016,17.65132069,2016BHS
BHS,2017,17.36772049,2017BHS
BIH,2010,32.30015609,2010BIH
BIH,2011,34.19186648,2011BIH
BIH,2012,31.77325971,2012BIH
BIH,2013,30.44623075,2013BIH
BIH,2014,28.77732513,2014BIH
BIH,2015,29.62283839,2015BIH
BIH,2016,27.59446709,2016BIH
BIH,2017,27.74766896,2017BIH
BLR,2010,23.31940958,2010BLR
BLR,2011,22.91114578,2011BLR
BLR,2012,21.64637226,2012BLR
BLR,2013,20.59045954,2013BLR
BLR,2014,19.76605366,2014BLR
BLR,2015,20.07627636,2015BLR
BLR,2016,18.87823952,2016BLR
BLR,2017,18.76557991,2017BLR
BLZ,2010,28.2730542,2010BLZ
BLZ,2011,28.80044628,2011BLZ
BLZ,2012,27.40912213,2012BLZ
BLZ,2013,27.28443966,2013BLZ
BLZ,2014,24.42114809,2014BLZ
BLZ,2015,25.21682566,2015BLZ
BLZ,2016,23.06568424,2016BLZ
BLZ,2017,23.01189211,2017BLZ
BMU,2010,14.64738151,2010BMU
BMU,2011,14.84311292,2011BMU
BMU,2012,13.97908263,2012BMU
BMU,2013,13.47885095,2013BMU
BMU,2014,12.80641477,2014BMU
BMU,2015,12.41796108,2015BMU
BMU,2016,11.65994362,2016BMU
BMU,2017,11.64635919,2017BMU
BOL,2010,29.5728099,2010BOL
BOL,2011,27.90420439,2011BOL
BOL,2012,26.39024388,2012BOL
BOL,2013,26.09046897,2013BOL
BOL,2014,24.81882932,2014BOL
BOL,2015,22.47639992,2015BOL
BOL,2016,21.3866041,2016BOL
BOL,2017,21.5689866,2017BOL
BRA,2010,15.95528506,2010BRA
BRA,2011,15.91279799,2011BRA
BRA,2012,15.28545576,2012BRA
BRA,2013,14.60990092,2013BRA
BRA,2014,13.98993477,2014BRA
BRA,2015,13.59465562,2015BRA
BRA,2016,12.65867601,2016BRA
BRA,2017,12.70662947,2017BRA
BRB,2010,28.21681441,2010BRB
BRB,2011,29.30348967,2011BRB
BRB,2012,27.03352956,2012BRB
BRB,2013,26.23023054,2013BRB
BRB,2014,25.18301447,2014BRB
BRB,2015,24.68624082,2015BRB
BRB,2016,23.45919984,2016BRB
BRB,2017,23.0801758,2017BRB
BRN,2010,7.417004403,2010BRN
BRN,2011,7.366187122,2011BRN
BRN,2012,7.570822949,2012BRN
BRN,2013,6.709489683,2013BRN
BRN,2014,6.180830115,2014BRN
BRN,2015,6.484179774,2015BRN
BRN,2016,5.927600072,2016BRN
BRN,2017,5.903065468,2017BRN
BTN,2010,43.96188317,2010BTN
BTN,2011,43.07170329,2011BTN
BTN,2012,42.93227289,2012BTN
BTN,2013,41.88190701,2013BTN
BTN,2014,40.83967373,2014BTN
BTN,2015,39.81863873,2015BTN
BTN,2016,37.22436394,2016BTN
BTN,2017,37.9265032,2017BTN
BWA,2010,25.72472072,2010BWA
BWA,2011,24.59211459,2011BWA
BWA,2012,24.85403894,2012BWA
BWA,2013,24.87425931,2013BWA
BWA,2014,24.15127779,2014BWA
BWA,2015,24.33025796,2015BWA
BWA,2016,23.63126742,2016BWA
BWA,2017,23.09438618,2017BWA
CAF,2010,51.53331961,2010CAF
CAF,2011,51.22953137,2011CAF
CAF,2012,53.35883384,2012CAF
CAF,2013,50.87491368,2013CAF
CAF,2014,49.35636376,2014CAF
CAF,2015,58.32609851,2015CAF
CAF,2016,56.98542248,2016CAF
CAF,2017,56.82849738,2017CAF
CAN,2010,8.384457262,2010CAN
CAN,2011,8.62446106,2011CAN
CAN,2012,8.107410495,2012CAN
CAN,2013,7.791636125,2013CAN
CAN,2014,7.428419864,2014CAN
CAN,2015,7.151582145,2015CAN
CAN,2016,6.549074761,2016CAN
CAN,2017,6.428383133,2017CAN
CEB,2010,21.98802866,2010CEB
CEB,2011,21.90983004,2011CEB
CEB,2012,20.20362489,2012CEB
CEB,2013,19.22537578,2013CEB
CEB,2014,18.60919623,2014CEB
CEB,2015,18.99410846,2015CEB
CEB,2016,17.64108568,2016CEB
CEB,2017,17.63332812,2017CEB
CHE,2010,12.92221973,2010CHE
CHE,2011,13.04922122,2011CHE
CHE,2012,12.26138801,2012CHE
CHE,2013,11.82005499,2013CHE
CHE,2014,11.38910719,2014CHE
CHE,2015,11.16525468,2015CHE
CHE,2016,10.34263047,2016CHE
CHE,2017,10.3031001,2017CHE
CHL,2010,25.89229169,2010CHL
CHL,2011,27.24586707,2011CHL
CHL,2012,25.0471553,2012CHL
CHL,2013,23.9366936,2013CHL
CHL,2014,22.86825181,2014CHL
CHL,2015,22.56979255,2015CHL
CHL,2016,20.87687041,2016CHL
CHL,2017,21.03629906,2017CHL
CHN,2010,69.47957041,2010CHN
CHN,2011,70.54202883,2011CHN
CHN,2012,63.82701684,2012CHN
CHN,2013,65.51455022,2013CHN
CHN,2014,59.76736751,2014CHN
CHN,2015,59.06342246,2015CHN
CHN,2016,52.21132204,2016CHN
CHN,2017,52.66459583,2017CHN
CIV,2010,21.617705,2010CIV
CIV,2011,22.59307255,2011CIV
CIV,2012,22.49440447,2012CIV
CIV,2013,21.30554316,2013CIV
CIV,2014,20.90017764,2014CIV
CIV,2015,27.68749396,2015CIV
CIV,2016,26.67470411,2016CIV
CIV,2017,25.88626634,2017CIV
CMR,2010,59.29340315,2010CMR
CMR,2011,58.07690148,2011CMR
CMR,2012,62.776697,2012CMR
CMR,2013,58.18633815,2013CMR
CMR,2014,56.71530558,2014CMR
CMR,2015,77.05174298,2015CMR
CMR,2016,73.20529127,2016CMR
CMR,2017,72.79309622,2017CMR
COD,2010,41.39803933,2010COD
COD,2011,41.49328795,2011COD
COD,2012,43.03677157,2012COD
COD,2013,44.49576095,2013COD
COD,2014,42.5494471,2014COD
COD,2015,44.93118592,2015COD
COD,2016,45.49950018,2016COD
COD,2017,44.9092636,2017COD
COG,2010,42.00909211,2010COG
COG,2011,44.15559345,2011COG
COG,2012,43.48998719,2012COG
COG,2013,46.12663732,2013COG
COG,2014,45.85281627,2014COG
COG,2015,44.14769514,2015COG
COG,2016,45.7110424,2016COG
COG,2017,46.63822028,2017COG
COL,2010,21.49784542,2010COL
COL,2011,21.36777875,2011COL
COL,2012,20.53663622,2012COL
COL,2013,19.22334802,2013COL
COL,2014,18.34420526,2014COL
COL,2015,17.30028428,2015COL
COL,2016,16.58060037,2016COL
COL,2017,16.52721022,2017COL
COM,2010,20.66635788,2010COM
COM,2011,21.02016044,2011COM
COM,2012,21.2526292,2012COM
COM,2013,21.04796184,2013COM
COM,2014,21.50207199,2014COM
COM,2015,20.71555746,2015COM
COM,2016,20.48272773,2016COM
COM,2017,20.5468246,2017COM
CPV,2010,27.59644067,2010CPV
CPV,2011,31.64177817,2011CPV
CPV,2012,32.94099303,2012CPV
CPV,2013,32.08584342,2013CPV
CPV,2014,31.62108111,2014CPV
CPV,2015,38.63361366,2015CPV
CPV,2016,33.39233075,2016CPV
CPV,2017,34.7787001,2017CPV
CRI,2010,19.27295272,2010CRI
CRI,2011,19.70213293,2011CRI
CRI,2012,19.33512768,2012CRI
CRI,2013,18.34151711,2013CRI
CRI,2014,17.54363411,2014CRI
CRI,2015,16.87928994,2015CRI
CRI,2016,15.65581227,2016CRI
CRI,2017,15.7259203,2017CRI
CSS,2010,22.88005336,2010CSS
CSS,2011,23.60446581,2011CSS
CSS,2012,22.17649531,2012CSS
CSS,2013,21.45641474,2013CSS
CSS,2014,19.96653424,2014CSS
CSS,2015,20.0873846,2015CSS
CSS,2016,19.10237782,2016CSS
CSS,2017,19.00983013,2017CSS
CUB,2010,23.93329773,2010CUB
CUB,2011,24.78731963,2011CUB
CUB,2012,23.23978714,2012CUB
CUB,2013,22.85074328,2013CUB
CUB,2014,21.29623433,2014CUB
CUB,2015,20.86409957,2015CUB
CUB,2016,19.73784135,2016CUB
CUB,2017,19.7060474,2017CUB
CYP,2010,20.08186599,2010CYP
CYP,2011,20.09096399,2011CYP
CYP,2012,19.22484321,2012CYP
CYP,2013,18.68454574,2013CYP
CYP,2014,18.29352737,2014CYP
CYP,2015,19.10134763,2015CYP
CYP,2016,16.9580216,2016CYP
CYP,2017,17.2944062,2017CYP
CZE,2010,20.67687047,2010CZE
CZE,2011,20.08124665,2011CZE
CZE,2012,18.74317608,2012CZE
CZE,2013,17.996287,2013CZE
CZE,2014,17.39121549,2014CZE
CZE,2015,17.41645169,2015CZE
CZE,2016,16.1005837,2016CZE
CZE,2017,16.07124535,2017CZE
DEU,2010,15.18949496,2010DEU
DEU,2011,14.66422844,2011DEU
DEU,2012,13.57764226,2012DEU
DEU,2013,13.19191946,2013DEU
DEU,2014,12.75122057,2014DEU
DEU,2015,12.82609758,2015DEU
DEU,2016,11.93781112,2016DEU
DEU,2017,12.02876736,2017DEU
DJI,2010,38.24086927,2010DJI
DJI,2011,40.44183546,2011DJI
DJI,2012,39.94282079,2012DJI
DJI,2013,40.10377303,2013DJI
DJI,2014,41.25972754,2014DJI
DJI,2015,45.95080851,2015DJI
DJI,2016,45.86887513,2016DJI
DJI,2017,45.5496176,2017DJI
DMA,2010,23.74074619,2010DMA
DMA,2011,24.27612298,2011DMA
DMA,2012,22.21579925,2012DMA
DMA,2013,22.15106827,2013DMA
DMA,2014,21.01030747,2014DMA
DMA,2015,20.68878863,2015DMA
DMA,2016,19.98814835,2016DMA
DMA,2017,19.49315376,2017DMA
DNK,2010,11.92914817,2010DNK
DNK,2011,12.66233138,2011DNK
DNK,2012,11.11552501,2012DNK
DNK,2013,10.82027884,2013DNK
DNK,2014,11.06670453,2014DNK
DNK,2015,10.65728566,2015DNK
DNK,2016,10.09597196,2016DNK
DNK,2017,10.02965344,2017DNK
DOM,2010,16.87446546,2010DOM
DOM,2011,17.29977986,2011DOM
DOM,2012,16.15283991,2012DOM
DOM,2013,15.39695063,2013DOM
DOM,2014,14.1880737,2014DOM
DOM,2015,14.85822076,2015DOM
DOM,2016,13.69022772,2016DOM
DOM,2017,13.72632115,2017DOM
DZA,2010,33.63582026,2010DZA
DZA,2011,33.83404774,2011DZA
DZA,2012,33.3668262,2012DZA
DZA,2013,34.24532791,2013DZA
DZA,2014,35.56391718,2014DZA
DZA,2015,36.08916357,2015DZA
DZA,2016,39.85327385,2016DZA
DZA,2017,38.8840107,2017DZA
EAP,2010,55.8449762,2010EAP
EAP,2011,56.38466186,2011EAP
EAP,2012,51.64048658,2012EAP
EAP,2013,52.44074727,2013EAP
EAP,2014,48.12064176,2014EAP
EAP,2015,47.37309717,2015EAP
EAP,2016,42.29950659,2016EAP
EAP,2017,42.53946794,2017EAP
EAR,2010,64.28431299,2010EAR
EAR,2011,64.85108991,2011EAR
EAR,2012,60.37496625,2012EAR
EAR,2013,61.39517368,2013EAR
EAR,2014,59.99596877,2014EAR
EAR,2015,60.61444067,2015EAR
EAR,2016,59.87018031,2016EAR
EAR,2017,60.35929045,2017EAR
EAS,2010,51.9120112,2010EAS
EAS,2011,52.41693271,2011EAS
EAS,2012,48.05672835,2012EAS
EAS,2013,48.82717052,2013EAS
EAS,2014,44.84952702,2014EAS
EAS,2015,44.21893188,2015EAS
EAS,2016,39.52054218,2016EAS
EAS,2017,39.74995754,2017EAS
ECA,2010,26.60138686,2010ECA
ECA,2011,26.37682055,2011ECA
ECA,2012,25.52119615,2012ECA
ECA,2013,25.09961473,2013ECA
ECA,2014,24.27557194,2014ECA
ECA,2015,25.40680953,2015ECA
ECA,2016,24.31862265,2016ECA
ECA,2017,24.43393927,2017ECA
ECS,2010,20.58259725,2010ECS
ECS,2011,20.5751036,2011ECS
ECS,2012,19.50011895,2012ECS
ECS,2013,19.07915982,2013ECS
ECS,2014,18.39049124,2014ECS
ECS,2015,18.99890934,2015ECS
ECS,2016,18.00777789,2016ECS
ECS,2017,18.08195597,2017ECS
ECU,2010,19.97918812,2010ECU
ECU,2011,19.321995,2011ECU
ECU,2012,19.55771048,2012ECU
ECU,2013,18.1186093,2013ECU
ECU,2014,16.23418751,2014ECU
ECU,2015,15.69970761,2015ECU
ECU,2016,14.98157801,2016ECU
ECU,2017,14.88610066,2017ECU
EGY,2010,77.44661885,2010EGY
EGY,2011,70.78635638,2011EGY
EGY,2012,72.79056861,2012EGY
EGY,2013,76.21365354,2013EGY
EGY,2014,76.55960126,2014EGY
EGY,2015,88.21338765,2015EGY
EGY,2016,88.1485004,2016EGY
EGY,2017,86.99945205,2017EGY
EMU,2010,15.1874175,2010EMU
EMU,2011,15.36638618,2011EMU
EMU,2012,14.15750083,2012EMU
EMU,2013,13.78814167,2013EMU
EMU,2014,13.22454571,2014EMU
EMU,2015,13.43055357,2015EMU
EMU,2016,12.46607318,2016EMU
EMU,2017,12.52511115,2017EMU
ERI,2010,45.2271386,2010ERI
ERI,2011,45.25744675,2011ERI
ERI,2012,46.13384645,2012ERI
ERI,2013,47.62781596,2013ERI
ERI,2014,44.37494629,2014ERI
ERI,2015,49.82891214,2015ERI
ERI,2016,48.67093668,2016ERI
ERI,2017,48.03019868,2017ERI
ESP,2010,11.3493291,2010ESP
ESP,2011,12.03799789,2011ESP
ESP,2012,11.14962332,2012ESP
ESP,2013,10.74258206,2013ESP
ESP,2014,10.07458883,2014ESP
ESP,2015,10.44910241,2015ESP
ESP,2016,9.704138553,2016ESP
ESP,2017,9.697927863,2017ESP
EST,2010,8.519848763,2010EST
EST,2011,8.442558919,2011EST
EST,2012,7.810698651,2012EST
EST,2013,7.482813578,2013EST
EST,2014,7.705552572,2014EST
EST,2015,7.003727673,2015EST
EST,2016,6.821448031,2016EST
EST,2017,6.732124015,2017EST
ETH,2010,35.63414541,2010ETH
ETH,2011,36.31794195,2011ETH
ETH,2012,35.97384213,2012ETH
ETH,2013,35.88420536,2013ETH
ETH,2014,35.04359745,2014ETH
ETH,2015,38.85860469,2015ETH
ETH,2016,39.24503758,2016ETH
ETH,2017,38.97873776,2017ETH
EUU,2010,15.97908406,2010EUU
EUU,2011,16.15636937,2011EUU
EUU,2012,14.86924373,2012EUU
EUU,2013,14.39668788,2013EUU
EUU,2014,13.81144457,2014EUU
EUU,2015,13.9960792,2015EUU
EUU,2016,13.05569067,2016EUU
EUU,2017,13.0800302,2017EUU
FCS,2010,41.86378149,2010FCS
FCS,2011,42.28299726,2011FCS
FCS,2012,42.41884034,2012FCS
FCS,2013,41.74705658,2013FCS
FCS,2014,40.10985565,2014FCS
FCS,2015,44.08148782,2015FCS
FCS,2016,42.28837341,2016FCS
FCS,2017,42.21731512,2017FCS
FIN,2010,7.190331396,2010FIN
FIN,2011,7.283699708,2011FIN
FIN,2012,6.601133581,2012FIN
FIN,2013,6.278689198,2013FIN
FIN,2014,6.468639868,2014FIN
FIN,2015,6.063834353,2015FIN
FIN,2016,5.893757483,2016FIN
FIN,2017,5.861331001,2017FIN
FJI,2010,13.53381346,2010FJI
FJI,2011,13.83646142,2011FJI
FJI,2012,12.85205328,2012FJI
FJI,2013,12.14461761,2013FJI
FJI,2014,11.92289283,2014FJI
FJI,2015,11.64194513,2015FJI
FJI,2016,11.05934316,2016FJI
FJI,2017,10.8401599,2017FJI
FRA,2010,14.84562127,2010FRA
FRA,2011,14.87801926,2011FRA
FRA,2012,13.83475371,2012FRA
FRA,2013,13.5943087,2013FRA
FRA,2014,12.28970307,2014FRA
FRA,2015,12.74570798,2015FRA
FRA,2016,11.85518422,2016FRA
FRA,2017,11.81496362,2017FRA
FSM,2010,13.7492452,2010FSM
FSM,2011,13.7316521,2011FSM
FSM,2012,12.97443872,2012FSM
FSM,2013,12.74251533,2013FSM
FSM,2014,11.86686885,2014FSM
FSM,2015,11.72598465,2015FSM
FSM,2016,11.13451107,2016FSM
FSM,2017,11.28339944,2017FSM
GAB,2010,40.27757856,2010GAB
GAB,2011,41.13028375,2011GAB
GAB,2012,40.8140906,2012GAB
GAB,2013,40.72566252,2013GAB
GAB,2014,41.31956969,2014GAB
GAB,2015,44.09590117,2015GAB
GAB,2016,43.72065291,2016GAB
GAB,2017,44.38554846,2017GAB
GBR,2010,12.29910815,2010GBR
GBR,2011,12.84799901,2011GBR
GBR,2012,11.81449494,2012GBR
GBR,2013,11.61890149,2013GBR
GBR,2014,10.80055978,2014GBR
GBR,2015,10.75487287,2015GBR
GBR,2016,10.50466684,2016GBR
GBR,2017,10.47269039,2017GBR
GEO,2010,26.10123773,2010GEO
GEO,2011,26.78360332,2011GEO
GEO,2012,25.00284928,2012GEO
GEO,2013,23.91020353,2013GEO
GEO,2014,22.96670742,2014GEO
GEO,2015,24.25264627,2015GEO
GEO,2016,21.82963618,2016GEO
GEO,2017,22.19605462,2017GEO
GHA,2010,27.36828359,2010GHA
GHA,2011,28.21169897,2011GHA
GHA,2012,28.89742723,2012GHA
GHA,2013,27.81534006,2013GHA
GHA,2014,25.8895233,2014GHA
GHA,2015,34.68190071,2015GHA
GHA,2016,36.25265622,2016GHA
GHA,2017,34.7135141,2017GHA
GIN,2010,21.97102786,2010GIN
GIN,2011,22.44535934,2011GIN
GIN,2012,22.98996509,2012GIN
GIN,2013,21.25856145,2013GIN
GIN,2014,21.19667275,2014GIN
GIN,2015,26.94288524,2015GIN
GIN,2016,24.77771417,2016GIN
GIN,2017,26.0624902,2017GIN
GMB,2010,30.20126341,2010GMB
GMB,2011,29.26492223,2011GMB
GMB,2012,30.72906478,2012GMB
GMB,2013,29.80467273,2013GMB
GMB,2014,30.62189539,2014GMB
GMB,2015,36.30538082,2015GMB
GMB,2016,32.61530208,2016GMB
GMB,2017,33.98263855,2017GMB
GNB,2010,26.83635957,2010GNB
GNB,2011,27.38943995,2011GNB
GNB,2012,27.0902178,2012GNB
GNB,2013,26.52420728,2013GNB
GNB,2014,26.94095978,2014GNB
GNB,2015,31.79127202,2015GNB
GNB,2016,29.58586773,2016GNB
GNB,2017,29.77470228,2017GNB
GNQ,2010,46.18648655,2010GNQ
GNQ,2011,46.85258767,2011GNQ
GNQ,2012,45.23237247,2012GNQ
GNQ,2013,43.62579322,2013GNQ
GNQ,2014,44.30179969,2014GNQ
GNQ,2015,52.63437057,2015GNQ
GNQ,2016,54.50903017,2016GNQ
GNQ,2017,53.24062104,2017GNQ
GRC,2010,19.06108814,2010GRC
GRC,2011,20.00154124,2011GRC
GRC,2012,18.4207689,2012GRC
GRC,2013,17.77941628,2013GRC
GRC,2014,17.36504185,2014GRC
GRC,2015,17.74055711,2015GRC
GRC,2016,16.3289203,2016GRC
GRC,2017,16.21826638,2017GRC
GRD,2010,27.47290781,2010GRD
GRD,2011,28.13951521,2011GRD
GRD,2012,26.46891843,2012GRD
GRD,2013,25.84730814,2013GRD
GRD,2014,24.28703113,2014GRD
GRD,2015,24.16278293,2015GRD
GRD,2016,22.88869124,2016GRD
GRD,2017,22.72268748,2017GRD
GRL,2010,13.92232395,2010GRL
GRL,2011,14.09660544,2011GRL
GRL,2012,13.40669025,2012GRL
GRL,2013,12.75796756,2013GRL
GRL,2014,12.51054773,2014GRL
GRL,2015,11.76203951,2015GRL
GRL,2016,11.57250485,2016GRL
GRL,2017,11.60217946,2017GRL
GTM,2010,29.98259025,2010GTM
GTM,2011,31.72733122,2011GTM
GTM,2012,29.88625889,2012GTM
GTM,2013,30.05682402,2013GTM
GTM,2014,26.52785542,2014GTM
GTM,2015,25.0727261,2015GTM
GTM,2016,23.79782877,2016GTM
GTM,2017,24.07064893,2017GTM
GUM,2010,13.88834049,2010GUM
GUM,2011,14.1035329,2011GUM
GUM,2012,13.24230178,2012GUM
GUM,2013,12.78879461,2013GUM
GUM,2014,12.02255289,2014GUM
GUM,2015,12.53178352,2015GUM
GUM,2016,11.65176784,2016GUM
GUM,2017,11.63440681,2017GUM
GUY,2010,27.31186474,2010GUY
GUY,2011,27.92942466,2011GUY
GUY,2012,26.90129942,2012GUY
GUY,2013,24.85550257,2013GUY
GUY,2014,23.64826569,2014GUY
GUY,2015,23.88788174,2015GUY
GUY,2016,22.37149881,2016GUY
GUY,2017,22.37557463,2017GUY
HIC,2010,16.66933845,2010HIC
HIC,2011,16.95879054,2011HIC
HIC,2012,16.0809175,2012HIC
HIC,2013,15.87959148,2013HIC
HIC,2014,14.98694811,2014HIC
HIC,2015,15.81445441,2015HIC
HIC,2016,14.5179518,2016HIC
HIC,2017,14.68293085,2017HIC
HND,2010,26.88295242,2010HND
HND,2011,28.90074716,2011HND
HND,2012,27.44714935,2012HND
HND,2013,27.68413611,2013HND
HND,2014,23.16154008,2014HND
HND,2015,22.40619622,2015HND
HND,2016,21.08695992,2016HND
HND,2017,20.62885065,2017HND
HPC,2010,37.19402653,2010HPC
HPC,2011,37.92088795,2011HPC
HPC,2012,38.47469538,2012HPC
HPC,2013,37.17849642,2013HPC
HPC,2014,36.38687945,2014HPC
HPC,2015,41.37359756,2015HPC
HPC,2016,40.46722767,2016HPC
HPC,2017,40.685039,2017HPC
HRV,2010,21.33471864,2010HRV
HRV,2011,21.96600369,2011HRV
HRV,2012,20.2024228,2012HRV
HRV,2013,19.58696201,2013HRV
HRV,2014,18.43310352,2014HRV
HRV,2015,19.20668151,2015HRV
HRV,2016,17.78931891,2016HRV
HRV,2017,17.90177229,2017HRV
HTI,2010,17.7952414,2010HTI
HTI,2011,18.75791703,2011HTI
HTI,2012,17.48024488,2012HTI
HTI,2013,16.76701123,2013HTI
HTI,2014,16.26222456,2014HTI
HTI,2015,15.5402773,2015HTI
HTI,2016,15.08648313,2016HTI
HTI,2017,15.01982438,2017HTI
HUN,2010,19.13552438,2010HUN
HUN,2011,19.36069,2011HUN
HUN,2012,17.52996008,2012HUN
HUN,2013,17.2318312,2013HUN
HUN,2014,16.31532793,2014HUN
HUN,2015,17.23213014,2015HUN
HUN,2016,15.88535024,2016HUN
HUN,2017,15.92604819,2017HUN
IBD,2010,59.5207515,2010IBD
IBD,2011,60.15407085,2011IBD
IBD,2012,55.30045449,2012IBD
IBD,2013,56.64256822,2013IBD
IBD,2014,53.92514774,2014IBD
IBD,2015,53.90797514,2015IBD
IBD,2016,51.61841723,2016IBD
IBD,2017,52.04535318,2017IBD
IBT,2010,56.72107607,2010IBT
IBT,2011,57.2299229,2011IBT
IBT,2012,53.49686904,2012IBT
IBT,2013,53.97201082,2013IBT
IBT,2014,51.72516235,2014IBT
IBT,2015,53.04623105,2015IBT
IBT,2016,50.80162556,2016IBT
IBT,2017,51.16829051,2017IBT
IDA,2010,47.68388105,2010IDA
IDA,2011,47.91170955,2011IDA
IDA,2012,47.80751048,2012IDA
IDA,2013,45.65138777,2013IDA
IDA,2014,44.95598192,2014IDA
IDA,2015,50.42841565,2015IDA
IDA,2016,48.35236825,2016IDA
IDA,2017,48.5727388,2017IDA
IDB,2010,53.37945905,2010IDB
IDB,2011,53.17977299,2011IDB
IDB,2012,52.66001464,2012IDB
IDB,2013,49.64386899,2013IDB
IDB,2014,48.45870018,2014IDB
IDB,2015,58.96755865,2015IDB
IDB,2016,56.68919376,2016IDB
IDB,2017,56.79624142,2017IDB
IDN,2010,18.16928033,2010IDN
IDN,2011,18.04965117,2011IDN
IDN,2012,18.17016951,2012IDN
IDN,2013,16.87918132,2013IDN
IDN,2014,16.45463183,2014IDN
IDN,2015,16.64028042,2015IDN
IDN,2016,16.38415363,2016IDN
IDN,2017,16.5026533,2017IDN
IDX,2010,44.78226826,2010IDX
IDX,2011,45.22262868,2011IDX
IDX,2012,45.31867748,2012IDX
IDX,2013,43.60089982,2013IDX
IDX,2014,43.15482551,2014IDX
IDX,2015,46.03336282,2015IDX
IDX,2016,44.05892747,2016IDX
IDX,2017,44.33662543,2017IDX
IND,2010,95.75817945,2010IND
IND,2011,97.59937863,2011IND
IND,2012,88.1694406,2012IND
IND,2013,91.80479161,2013IND
IND,2014,89.62238269,2014IND
IND,2015,89.3033343,2015IND
IND,2016,89.67217693,2016IND
IND,2017,90.87321047,2017IND
IRL,2010,9.976375087,2010IRL
IRL,2011,10.28507938,2011IRL
IRL,2012,9.522691993,2012IRL
IRL,2013,9.360153635,2013IRL
IRL,2014,8.750521533,2014IRL
IRL,2015,8.672473458,2015IRL
IRL,2016,8.279163345,2016IRL
IRL,2017,8.208576735,2017IRL
IRN,2010,38.65150179,2010IRN
IRN,2011,38.0496892,2011IRN
IRN,2012,38.54205244,2012IRN
IRN,2013,38.10109206,2013IRN
IRN,2014,38.10949306,2014IRN
IRN,2015,39.61053238,2015IRN
IRN,2016,38.84130248,2016IRN
IRN,2017,38.97876028,2017IRN
IRQ,2010,68.71140482,2010IRQ
IRQ,2011,66.36260979,2011IRQ
IRQ,2012,66.84207687,2012IRQ
IRQ,2013,63.80269591,2013IRQ
IRQ,2014,56.56703027,2014IRQ
IRQ,2015,66.26503791,2015IRQ
IRQ,2016,63.95479607,2016IRQ
IRQ,2017,61.63623571,2017IRQ
ISL,2010,7.856536667,2010ISL
ISL,2011,8.098884846,2011ISL
ISL,2012,7.33692926,2012ISL
ISL,2013,7.171207035,2013ISL
ISL,2014,6.948896646,2014ISL
ISL,2015,6.927968941,2015ISL
ISL,2016,6.60765416,2016ISL
ISL,2017,6.481147263,2017ISL
ISR,2010,24.01923772,2010ISR
ISR,2011,23.90468673,2011ISR
ISR,2012,23.03884904,2012ISR
ISR,2013,22.94633022,2013ISR
ISR,2014,22.05914688,2014ISR
ISR,2015,22.7797827,2015ISR
ISR,2016,20.76570151,2016ISR
ISR,2017,21.38110224,2017ISR
ITA,2010,19.02523065,2010ITA
ITA,2011,19.99426671,2011ITA
ITA,2012,18.10524741,2012ITA
ITA,2013,17.75772244,2013ITA
ITA,2014,17.76927084,2014ITA
ITA,2015,17.89144517,2015ITA
ITA,2016,16.49037374,2016ITA
ITA,2017,16.75071194,2017ITA
JAM,2010,16.09171498,2010JAM
JAM,2011,16.54249891,2011JAM
JAM,2012,15.46047097,2012JAM
JAM,2013,14.93139975,2013JAM
JAM,2014,14.07433169,2014JAM
JAM,2015,14.1766593,2015JAM
JAM,2016,13.39596321,2016JAM
JAM,2017,13.40415053,2017JAM
JOR,2010,33.55056636,2010JOR
JOR,2011,33.01726148,2011JOR
JOR,2012,33.01693524,2012JOR
JOR,2013,33.41761072,2013JOR
JOR,2014,33.20542058,2014JOR
JOR,2015,34.30544926,2015JOR
JOR,2016,33.17661668,2016JOR
JOR,2017,33.00608118,2017JOR
JPN,2010,14.14233824,2010JPN
JPN,2011,14.14103105,2011JPN
JPN,2012,13.12887233,2012JPN
JPN,2013,13.36255833,2013JPN
JPN,2014,12.58661692,2014JPN
JPN,2015,12.68745973,2015JPN
JPN,2016,11.62392259,2016JPN
JPN,2017,11.70477819,2017JPN
KAZ,2010,15.91449319,2010KAZ
KAZ,2011,15.24383546,2011KAZ
KAZ,2012,14.48103768,2012KAZ
KAZ,2013,14.5985643,2013KAZ
KAZ,2014,13.74975351,2014KAZ
KAZ,2015,14.38480208,2015KAZ
KAZ,2016,13.08443846,2016KAZ
KAZ,2017,13.82428836,2017KAZ
KEN,2010,28.15477084,2010KEN
KEN,2011,28.66288466,2011KEN
KEN,2012,29.37227988,2012KEN
KEN,2013,28.93534528,2013KEN
KEN,2014,28.94935013,2014KEN
KEN,2015,28.53628017,2015KEN
KEN,2016,28.58337727,2016KEN
KEN,2017,28.57837427,2017KEN
KGZ,2010,27.26538617,2010KGZ
KGZ,2011,27.51760207,2011KGZ
KGZ,2012,25.48983252,2012KGZ
KGZ,2013,25.44035534,2013KGZ
KGZ,2014,23.29819153,2014KGZ
KGZ,2015,24.34473551,2015KGZ
KGZ,2016,23.1955558,2016KGZ
KGZ,2017,22.73776806,2017KGZ
KHM,2010,31.34313632,2010KHM
KHM,2011,30.91962359,2011KHM
KHM,2012,31.28373261,2012KHM
KHM,2013,30.33652957,2013KHM
KHM,2014,28.58336628,2014KHM
KHM,2015,26.76923854,2015KHM
KHM,2016,25.20287478,2016KHM
KHM,2017,25.61429187,2017KHM
KIR,2010,13.17504079,2010KIR
KIR,2011,13.35815463,2011KIR
KIR,2012,12.59423175,2012KIR
KIR,2013,12.32529751,2013KIR
KIR,2014,11.39374232,2014KIR
KIR,2015,11.51431847,2015KIR
KIR,2016,10.53783926,2016KIR
KIR,2017,10.64085586,2017KIR
KOR,2010,29.80201,2010KOR
KOR,2011,29.68119454,2011KOR
KOR,2012,27.91595259,2012KOR
KOR,2013,29.46191729,2013KOR
KOR,2014,27.21311037,2014KOR
KOR,2015,28.2142437,2015KOR
KOR,2016,25.09854067,2016KOR
KOR,2017,25.03942539,2017KOR
KWT,2010,62.74398094,2010KWT
KWT,2011,62.82540677,2011KWT
KWT,2012,64.07091103,2012KWT
KWT,2013,62.61130895,2013KWT
KWT,2014,55.62390422,2014KWT
KWT,2015,65.40607715,2015KWT
KWT,2016,60.84385161,2016KWT
KWT,2017,60.74515954,2017KWT
LAC,2010,21.06784395,2010LAC
LAC,2011,21.49779352,2011LAC
LAC,2012,20.45659808,2012LAC
LAC,2013,19.79319764,2013LAC
LAC,2014,18.38906978,2014LAC
LAC,2015,17.72994515,2015LAC
LAC,2016,16.68716084,2016LAC
LAC,2017,16.69100957,2017LAC
LAO,2010,31.73199577,2010LAO
LAO,2011,29.66966026,2011LAO
LAO,2012,30.29741812,2012LAO
LAO,2013,30.25948938,2013LAO
LAO,2014,28.39017177,2014LAO
LAO,2015,26.13948876,2015LAO
LAO,2016,25.80101805,2016LAO
LAO,2017,25.10953834,2017LAO
LBN,2010,30.89212513,2010LBN
LBN,2011,30.06910747,2011LBN
LBN,2012,30.10805188,2012LBN
LBN,2013,30.58809767,2013LBN
LBN,2014,30.44456692,2014LBN
LBN,2015,31.22929528,2015LBN
LBN,2016,30.17186865,2016LBN
LBN,2017,30.62111051,2017LBN
LBR,2010,15.24919691,2010LBR
LBR,2011,16.14705151,2011LBR
LBR,2012,16.28820747,2012LBR
LBR,2013,15.38285732,2013LBR
LBR,2014,14.94227071,2014LBR
LBR,2015,18.21280418,2015LBR
LBR,2016,17.88677836,2016LBR
LBR,2017,17.98411246,2017LBR
LBY,2010,50.1472295,2010LBY
LBY,2011,44.63173396,2011LBY
LBY,2012,44.9113635,2012LBY
LBY,2013,49.2794823,2013LBY
LBY,2014,47.50123391,2014LBY
LBY,2015,51.53264014,2015LBY
LBY,2016,52.1292063,2016LBY
LBY,2017,54.25468179,2017LBY
LCA,2010,27.63597227,2010LCA
LCA,2011,28.07865593,2011LCA
LCA,2012,26.36748478,2012LCA
LCA,2013,25.44480168,2013LCA
LCA,2014,24.23630259,2014LCA
LCA,2015,24.28323968,2015LCA
LCA,2016,22.35339926,2016LCA
LCA,2017,22.40081712,2017LCA
LCN,2010,21.05927625,2010LCN
LCN,2011,21.51642059,2011LCN
LCN,2012,20.44825644,2012LCN
LCN,2013,19.77918969,2013LCN
LCN,2014,18.39993651,2014LCN
LCN,2015,17.76167004,2015LCN
LCN,2016,16.70832847,2016LCN
LCN,2017,16.71803271,2017LCN
LDC,2010,46.02956375,2010LDC
LDC,2011,46.40985867,2011LDC
LDC,2012,46.57563237,2012LDC
LDC,2013,44.78295371,2013LDC
LDC,2014,44.4218263,2014LDC
LDC,2015,47.01635014,2015LDC
LDC,2016,44.91326375,2016LDC
LDC,2017,45.26866463,2017LDC
LIC,2010,41.34219858,2010LIC
LIC,2011,41.94446729,2011LIC
LIC,2012,42.05496487,2012LIC
LIC,2013,41.01181649,2013LIC
LIC,2014,40.04779592,2014LIC
LIC,2015,43.77333001,2015LIC
LIC,2016,42.89130135,2016LIC
LIC,2017,43.21666066,2017LIC
LKA,2010,31.03378115,2010LKA
LKA,2011,31.23207466,2011LKA
LKA,2012,30.08397283,2012LKA
LKA,2013,28.89822769,2013LKA
LKA,2014,26.92277652,2014LKA
LKA,2015,25.33734371,2015LKA
LKA,2016,14.02544523,2016LKA
LKA,2017,11.09961724,2017LKA
LMC,2010,67.27958551,2010LMC
LMC,2011,67.7944635,2011LMC
LMC,2012,63.31200554,2012LMC
LMC,2013,64.01195075,2013LMC
LMC,2014,62.65168718,2014LMC
LMC,2015,64.84786016,2015LMC
LMC,2016,63.89591152,2016LMC
LMC,2017,64.39857894,2017LMC
LMY,2010,56.9409481,2010LMY
LMY,2011,57.44989303,2011LMY
LMY,2012,53.70575778,2012LMY
LMY,2013,54.19640714,2013LMY
LMY,2014,51.9354768,2014LMY
LMY,2015,53.26668832,2015LMY
LMY,2016,51.00153372,2016LMY
LMY,2017,51.36963869,2017LMY
LSO,2010,32.24059762,2010LSO
LSO,2011,31.3547412,2011LSO
LSO,2012,31.21324307,2012LSO
LSO,2013,32.14869782,2013LSO
LSO,2014,33.08010261,2014LSO
LSO,2015,30.88497707,2015LSO
LSO,2016,28.33683335,2016LSO
LSO,2017,28.02865352,2017LSO
LTE,2010,52.06688101,2010LTE
LTE,2011,52.65231609,2011LTE
LTE,2012,48.16156076,2012LTE
LTE,2013,48.98127174,2013LTE
LTE,2014,45.022155,2014LTE
LTE,2015,44.52930272,2015LTE
LTE,2016,39.77292366,2016LTE
LTE,2017,40.00020683,2017LTE
LTU,2010,14.97106496,2010LTU
LTU,2011,14.50968278,2011LTU
LTU,2012,13.78452468,2012LTU
LTU,2013,12.98119203,2013LTU
LTU,2014,12.84519425,2014LTU
LTU,2015,12.45503512,2015LTU
LTU,2016,11.82161558,2016LTU
LTU,2017,11.85328236,2017LTU
LUX,2010,12.95878369,2010LUX
LUX,2011,12.68599568,2011LUX
LUX,2012,11.77557609,2012LUX
LUX,2013,11.6053841,2013LUX
LUX,2014,10.85761339,2014LUX
LUX,2015,11.00665465,2015LUX
LUX,2016,10.31198129,2016LUX
LUX,2017,10.3646374,2017LUX
LVA,2010,17.11506451,2010LVA
LVA,2011,16.5726763,2011LVA
LVA,2012,15.59855973,2012LVA
LVA,2013,14.88430819,2013LVA
LVA,2014,14.8790851,2014LVA
LVA,2015,13.9682016,2015LVA
LVA,2016,13.44747197,2016LVA
LVA,2017,13.42645752,2017LVA
MAR,2010,29.6489603,2010MAR
MAR,2011,29.26656426,2011MAR
MAR,2012,27.79028358,2012MAR
MAR,2013,29.25951913,2013MAR
MAR,2014,29.94944999,2014MAR
MAR,2015,31.44008691,2015MAR
MAR,2016,32.93537423,2016MAR
MAR,2017,32.59354146,2017MAR
MDA,2010,19.11610415,2010MDA
MDA,2011,19.92486817,2011MDA
MDA,2012,18.40928474,2012MDA
MDA,2013,17.43239973,2013MDA
MDA,2014,16.72646105,2014MDA
MDA,2015,17.07913959,2015MDA
MDA,2016,16.36379754,2016MDA
MDA,2017,16.25103271,2017MDA
MDG,2010,22.66201053,2010MDG
MDG,2011,23.36285963,2011MDG
MDG,2012,22.71642527,2012MDG
MDG,2013,23.90916176,2013MDG
MDG,2014,23.51776666,2014MDG
MDG,2015,22.95040117,2015MDG
MDG,2016,22.89570824,2016MDG
MDG,2017,22.54228288,2017MDG
MDV,2010,11.30982939,2010MDV
MDV,2011,11.78963462,2011MDV
MDV,2012,11.1574823,2012MDV
MDV,2013,10.56967928,2013MDV
MDV,2014,9.921230863,2014MDV
MDV,2015,9.37394394,2015MDV
MDV,2016,7.972428925,2016MDV
MDV,2017,7.795820799,2017MDV
MEA,2010,51.81085944,2010MEA
MEA,2011,50.26049879,2011MEA
MEA,2012,51.05999949,2012MEA
MEA,2013,51.94018553,2013MEA
MEA,2014,50.52272979,2014MEA
MEA,2015,57.01833923,2015MEA
MEA,2016,55.80734843,2016MEA
MEA,2017,55.6693262,2017MEA
MEX,2010,26.365439,2010MEX
MEX,2011,27.74129679,2011MEX
MEX,2012,25.98165883,2012MEX
MEX,2013,25.44908967,2013MEX
MEX,2014,23.09968975,2014MEX
MEX,2015,22.13299585,2015MEX
MEX,2016,20.70682854,2016MEX
MEX,2017,20.92111579,2017MEX
MHL,2010,12.94670836,2010MHL
MHL,2011,12.93217057,2011MHL
MHL,2012,12.12353358,2012MHL
MHL,2013,11.87438859,2013MHL
MHL,2014,11.07022018,2014MHL
MHL,2015,10.83766846,2015MHL
MHL,2016,10.15200199,2016MHL
MHL,2017,10.24133222,2017MHL
MIC,2010,58.6772891,2010MIC
MIC,2011,59.19966251,2011MIC
MIC,2012,55.03076053,2012MIC
MIC,2013,55.71529039,2013MIC
MIC,2014,53.32300771,2014MIC
MIC,2015,54.38996564,2015MIC
MIC,2016,51.97482792,2016MIC
MIC,2017,52.36246068,2017MIC
MKD,2010,34.45696977,2010MKD
MKD,2011,38.0831195,2011MKD
MKD,2012,34.65781455,2012MKD
MKD,2013,32.01504863,2013MKD
MKD,2014,31.79054123,2014MKD
MKD,2015,31.97598914,2015MKD
MKD,2016,29.59326907,2016MKD
MKD,2017,29.72694451,2017MKD
MLI,2010,36.39765973,2010MLI
MLI,2011,35.14164437,2011MLI
MLI,2012,34.7002263,2012MLI
MLI,2013,32.30682338,2013MLI
MLI,2014,33.91611574,2014MLI
MLI,2015,41.92692766,2015MLI
MLI,2016,38.48039528,2016MLI
MLI,2017,38.52660616,2017MLI
MLT,2010,16.4493999,2010MLT
MLT,2011,16.64430398,2011MLT
MLT,2012,15.39716095,2012MLT
MLT,2013,15.28194422,2013MLT
MLT,2014,14.43540357,2014MLT
MLT,2015,14.72246254,2015MLT
MLT,2016,13.81139444,2016MLT
MLT,2017,13.90954337,2017MLT
MMR,2010,44.05611525,2010MMR
MMR,2011,43.61990347,2011MMR
MMR,2012,42.5228124,2012MMR
MMR,2013,42.88286944,2013MMR
MMR,2014,40.28896854,2014MMR
MMR,2015,38.51378205,2015MMR
MMR,2016,36.033701,2016MMR
MMR,2017,35.55745292,2017MMR
MNA,2010,50.15897439,2010MNA
MNA,2011,48.267502,2011MNA
MNA,2012,48.80946888,2012MNA
MNA,2013,49.9660957,2013MNA
MNA,2014,49.22615176,2014MNA
MNA,2015,54.46832293,2015MNA
MNA,2016,54.37255528,2016MNA
MNA,2017,53.85776254,2017MNA
MNE,2010,25.0554063,2010MNE
MNE,2011,26.62922388,2011MNE
MNE,2012,24.68030289,2012MNE
MNE,2013,23.27422599,2013MNE
MNE,2014,21.94705168,2014MNE
MNE,2015,22.55969129,2015MNE
MNE,2016,20.92405137,2016MNE
MNE,2017,20.78181355,2017MNE
MNG,2010,43.30465329,2010MNG
MNG,2011,45.36017005,2011MNG
MNG,2012,42.6543748,2012MNG
MNG,2013,42.32131127,2013MNG
MNG,2014,39.29514006,2014MNG
MNG,2015,42.51464988,2015MNG
MNG,2016,38.22281711,2016MNG
MNG,2017,40.11284905,2017MNG
MNP,2010,11.926381,2010MNP
MNP,2011,12.19962657,2011MNP
MNP,2012,11.43999611,2012MNP
MNP,2013,10.96502021,2013MNP
MNP,2014,10.3134722,2014MNP
MNP,2015,10.39771204,2015MNP
MNP,2016,9.91775575,2016MNP
MNP,2017,9.892981129,2017MNP
MOZ,2010,23.56146872,2010MOZ
MOZ,2011,22.6090715,2011MOZ
MOZ,2012,22.86760109,2012MOZ
MOZ,2013,22.63615999,2013MOZ
MOZ,2014,22.61416414,2014MOZ
MOZ,2015,21.90588194,2015MOZ
MOZ,2016,21.47182554,2016MOZ
MOZ,2017,21.29869546,2017MOZ
MRT,2010,39.63741338,2010MRT
MRT,2011,40.04314497,2011MRT
MRT,2012,42.34351169,2012MRT
MRT,2013,40.21579155,2013MRT
MRT,2014,43.11078408,2014MRT
MRT,2015,49.49825592,2015MRT
MRT,2016,46.66758772,2016MRT
MRT,2017,47.42299178,2017MRT
MUS,2010,15.1947729,2010MUS
MUS,2011,15.20170165,2011MUS
MUS,2012,15.24585596,2012MUS
MUS,2013,15.55617651,2013MUS
MUS,2014,15.29264823,2014MUS
MUS,2015,14.44195579,2015MUS
MUS,2016,14.34637947,2016MUS
MUS,2017,14.45782732,2017MUS
MWI,2010,25.6961984,2010MWI
MWI,2011,25.16500891,2011MWI
MWI,2012,25.73840151,2012MWI
MWI,2013,24.68347878,2013MWI
MWI,2014,25.19822884,2014MWI
MWI,2015,24.53742932,2015MWI
MWI,2016,23.09261542,2016MWI
MWI,2017,23.56592147,2017MWI
MYS,2010,18.59375306,2010MYS
MYS,2011,19.20260869,2011MYS
MYS,2012,19.1822225,2012MYS
MYS,2013,17.55444704,2013MYS
MYS,2014,16.92315529,2014MYS
MYS,2015,17.44091023,2015MYS
MYS,2016,15.75128619,2016MYS
MYS,2017,16.03580871,2017MYS
NAC,2010,9.263171058,2010NAC
NAC,2011,9.630810585,2011NAC
NAC,2012,8.914901076,2012NAC
NAC,2013,8.641442144,2013NAC
NAC,2014,8.142225682,2014NAC
NAC,2015,7.973350547,2015NAC
NAC,2016,7.321048084,2016NAC
NAC,2017,7.311093663,2017NAC
NAM,2010,27.65989633,2010NAM
NAM,2011,27.01015451,2011NAM
NAM,2012,26.79870806,2012NAM
NAM,2013,27.09281609,2013NAM
NAM,2014,26.01812153,2014NAM
NAM,2015,26.91001673,2015NAM
NAM,2016,25.55214196,2016NAM
NAM,2017,25.3587654,2017NAM
NER,2010,69.15017669,2010NER
NER,2011,72.98276678,2011NER
NER,2012,72.54464459,2012NER
NER,2013,63.03171725,2013NER
NER,2014,60.54135722,2014NER
NER,2015,87.28128201,2015NER
NER,2016,87.70847201,2016NER
NER,2017,94.05381768,2017NER
NGA,2010,52.60906391,2010NGA
NGA,2011,50.97308923,2011NGA
NGA,2012,56.1296377,2012NGA
NGA,2013,49.74068894,2013NGA
NGA,2014,48.63337361,2014NGA
NGA,2015,75.39899187,2015NGA
NGA,2016,71.369601,2016NGA
NGA,2017,71.79817438,2017NGA
NIC,2010,22.4922691,2010NIC
NIC,2011,22.47952015,2011NIC
NIC,2012,22.35271161,2012NIC
NIC,2013,21.92907575,2013NIC
NIC,2014,19.38772134,2014NIC
NIC,2015,18.56913277,2015NIC
NIC,2016,17.7277291,2016NIC
NIC,2017,17.61418045,2017NIC
NLD,2010,15.23243025,2010NLD
NLD,2011,14.98813864,2011NLD
NLD,2012,13.81241373,2012NLD
NLD,2013,13.04314511,2013NLD
NLD,2014,12.82879707,2014NLD
NLD,2015,12.93210515,2015NLD
NLD,2016,12.02524278,2016NLD
NLD,2017,12.03440807,2017NLD
NOR,2010,8.341507223,2010NOR
NOR,2011,8.853510781,2011NOR
NOR,2012,7.925281241,2012NOR
NOR,2013,7.633674824,2013NOR
NOR,2014,7.670895927,2014NOR
NOR,2015,7.242775336,2015NOR
NOR,2016,6.95945733,2016NOR
NOR,2017,6.956519803,2017NOR
NPL,2010,100.7844279,2010NPL
NPL,2011,100.7660607,2011NPL
NPL,2012,96.96329149,2012NPL
NPL,2013,95.31398561,2013NPL
NPL,2014,98.11601657,2014NPL
NPL,2015,96.25276818,2015NPL
NPL,2016,98.05471403,2016NPL
NPL,2017,99.73437372,2017NPL
NZL,2010,7.152865691,2010NZL
NZL,2011,7.420696435,2011NZL
NZL,2012,6.83583564,2012NZL
NZL,2013,6.781885551,2013NZL
NZL,2014,6.357903512,2014NZL
NZL,2015,6.33043381,2015NZL
NZL,2016,5.987363154,2016NZL
NZL,2017,5.956001129,2017NZL
OED,2010,16.98741015,2010OED
OED,2011,17.12397643,2011OED
OED,2012,16.15544789,2012OED
OED,2013,15.95453265,2013OED
OED,2014,15.22625036,2014OED
OED,2015,15.3898252,2015OED
OED,2016,14.4059392,2016OED
OED,2017,14.45563547,2017OED
OMN,2010,37.51533394,2010OMN
OMN,2011,39.10379482,2011OMN
OMN,2012,40.73328348,2012OMN
OMN,2013,41.0527687,2013OMN
OMN,2014,37.71088051,2014OMN
OMN,2015,42.62758972,2015OMN
OMN,2016,41.78219181,2016OMN
OMN,2017,41.11523827,2017OMN
OSS,2010,32.36458663,2010OSS
OSS,2011,32.46158413,2011OSS
OSS,2012,33.51363931,2012OSS
OSS,2013,33.42420772,2013OSS
OSS,2014,32.46595015,2014OSS
OSS,2015,35.84467937,2015OSS
OSS,2016,34.2544726,2016OSS
OSS,2017,34.75442835,2017OSS
PAK,2010,68.00519044,2010PAK
PAK,2011,68.54493561,2011PAK
PAK,2012,62.37664629,2012PAK
PAK,2013,61.02216287,2013PAK
PAK,2014,59.51836271,2014PAK
PAK,2015,60.08589291,2015PAK
PAK,2016,58.63276393,2016PAK
PAK,2017,58.28241877,2017PAK
PAN,2010,14.13891846,2010PAN
PAN,2011,14.29603899,2011PAN
PAN,2012,13.97236651,2012PAN
PAN,2013,13.3978705,2013PAN
PAN,2014,12.92161513,2014PAN
PAN,2015,12.49074394,2015PAN
PAN,2016,11.46554742,2016PAN
PAN,2017,11.40005433,2017PAN
PER,2010,31.50257401,2010PER
PER,2011,31.57116569,2011PER
PER,2012,30.49445583,2012PER
PER,2013,29.74308641,2013PER
PER,2014,27.5826726,2014PER
PER,2015,26.03726793,2015PER
PER,2016,25.54274604,2016PER
PER,2017,24.78672805,2017PER
PHL,2010,23.59231552,2010PHL
PHL,2011,22.75483447,2011PHL
PHL,2012,22.54958361,2012PHL
PHL,2013,21.21628777,2013PHL
PHL,2014,20.25958716,2014PHL
PHL,2015,19.58154202,2015PHL
PHL,2016,18.22692834,2016PHL
PHL,2017,18.06979891,2017PHL
PNG,2010,14.94135871,2010PNG
PNG,2011,15.51903383,2011PNG
PNG,2012,14.60653316,2012PNG
PNG,2013,13.95262793,2013PNG
PNG,2014,13.24529823,2014PNG
PNG,2015,13.2617261,2015PNG
PNG,2016,12.61505599,2016PNG
PNG,2017,12.29441826,2017PNG
POL,2010,27.17650018,2010POL
POL,2011,26.37250707,2011POL
POL,2012,24.26397739,2012POL
POL,2013,22.9287237,2013POL
POL,2014,22.21089179,2014POL
POL,2015,22.69131805,2015POL
POL,2016,20.9757679,2016POL
POL,2017,20.87782222,2017POL
PRE,2010,42.33131649,2010PRE
PRE,2011,42.38233994,2011PRE
PRE,2012,44.08241704,2012PRE
PRE,2013,41.52525394,2013PRE
PRE,2014,40.52465139,2014PRE
PRE,2015,50.26260331,2015PRE
PRE,2016,48.37968424,2016PRE
PRE,2017,48.63789115,2017PRE
PRI,2010,10.37254851,2010PRI
PRI,2011,10.57940611,2011PRI
PRI,2012,9.96624445,2012PRI
PRI,2013,9.703754136,2013PRI
PRI,2014,9.089227717,2014PRI
PRI,2015,8.920910287,2015PRI
PRI,2016,8.342871258,2016PRI
PRI,2017,8.349033339,2017PRI
PRK,2010,39.34265696,2010PRK
PRK,2011,38.89336879,2011PRK
PRK,2012,36.40751446,2012PRK
PRK,2013,37.13485586,2013PRK
PRK,2014,35.2402154,2014PRK
PRK,2015,37.41178381,2015PRK
PRK,2016,31.75842415,2016PRK
PRK,2017,32.00745162,2017PRK
PRT,2010,10.07688693,2010PRT
PRT,2011,10.35501263,2011PRT
PRT,2012,9.484802799,2012PRT
PRT,2013,9.432044129,2013PRT
PRT,2014,8.78479289,2014PRT
PRT,2015,8.823283435,2015PRT
PRT,2016,8.052763686,2016PRT
PRT,2017,8.160752248,2017PRT
PRY,2010,15.10292317,2010PRY
PRY,2011,14.59811855,2011PRY
PRY,2012,13.94830615,2012PRY
PRY,2013,12.92656928,2013PRY
PRY,2014,12.6410755,2014PRY
PRY,2015,13.03807402,2015PRY
PRY,2016,11.64932248,2016PRY
PRY,2017,11.90908085,2017PRY
PSE,2010,33.00667425,2010PSE
PSE,2011,32.87331274,2011PSE
PSE,2012,32.76945904,2012PSE
PSE,2013,33.49296358,2013PSE
PSE,2014,33.44828276,2014PSE
PSE,2015,33.89141151,2015PSE
PSE,2016,32.74206764,2016PSE
PSE,2017,33.22563038,2017PSE
PSS,2010,13.84472898,2010PSS
PSS,2011,14.03611306,2011PSS
PSS,2012,13.06152876,2012PSS
PSS,2013,12.45048523,2013PSS
PSS,2014,12.00545886,2014PSS
PSS,2015,11.998341,2015PSS
PSS,2016,11.30303147,2016PSS
PSS,2017,11.2676414,2017PSS
PST,2010,14.17128048,2010PST
PST,2011,14.41360538,2011PST
PST,2012,13.35910836,2012PST
PST,2013,13.1314129,2013PST
PST,2014,12.43480438,2014PST
PST,2015,12.53368019,2015PST
PST,2016,11.60116125,2016PST
PST,2017,11.59376229,2017PST
QAT,2010,84.12290235,2010QAT
QAT,2011,81.2730055,2011QAT
QAT,2012,89.24697128,2012QAT
QAT,2013,88.89051503,2013QAT
QAT,2014,78.83284035,2014QAT
QAT,2015,94.40389119,2015QAT
QAT,2016,88.22244652,2016QAT
QAT,2017,91.18732793,2017QAT
ROU,2010,17.06214749,2010ROU
ROU,2011,17.63675464,2011ROU
ROU,2012,16.31584539,2012ROU
ROU,2013,15.36930935,2013ROU
ROU,2014,15.00649546,2014ROU
ROU,2015,15.43355526,2015ROU
ROU,2016,14.53706284,2016ROU
ROU,2017,14.61134019,2017ROU
RUS,2010,19.48031098,2010RUS
RUS,2011,19.19151083,2011RUS
RUS,2012,18.30433841,2012RUS
RUS,2013,17.79507055,2013RUS
RUS,2014,16.58216295,2014RUS
RUS,2015,17.0191912,2015RUS
RUS,2016,16.21988971,2016RUS
RUS,2017,16.16022381,2017RUS
RWA,2010,41.44091192,2010RWA
RWA,2011,42.68095937,2011RWA
RWA,2012,44.56089624,2012RWA
RWA,2013,44.41158508,2013RWA
RWA,2014,42.21148744,2014RWA
RWA,2015,42.61448971,2015RWA
RWA,2016,42.84380209,2016RWA
RWA,2017,43.21021716,2017RWA
SAS,2010,89.16764514,2010SAS
SAS,2011,90.56946604,2011SAS
SAS,2012,82.73166317,2012SAS
SAS,2013,84.690261,2013SAS
SAS,2014,83.06717057,2014SAS
SAS,2015,82.72487678,2015SAS
SAS,2016,81.98118027,2016SAS
SAS,2017,82.86952124,2017SAS
SAU,2010,81.69918208,2010SAU
SAU,2011,82.41903191,2011SAU
SAU,2012,85.51330311,2012SAU
SAU,2013,83.63099223,2013SAU
SAU,2014,75.60844062,2014SAU
SAU,2015,97.432289,2015SAU
SAU,2016,84.46577505,2016SAU
SAU,2017,87.94544668,2017SAU
SDN,2010,47.26205558,2010SDN
SDN,2011,51.15242727,2011SDN
SDN,2012,49.68593895,2012SDN
SDN,2013,48.02814491,2013SDN
SDN,2014,48.14174218,2014SDN
SDN,2015,58.90478573,2015SDN
SDN,2016,54.14727633,2016SDN
SDN,2017,55.37083444,2017SDN
SEN,2010,34.98538395,2010SEN
SEN,2011,35.93539952,2011SEN
SEN,2012,36.16775596,2012SEN
SEN,2013,34.0182249,2013SEN
SEN,2014,36.82683776,2014SEN
SEN,2015,44.34080072,2015SEN
SEN,2016,38.69494655,2016SEN
SEN,2017,40.6958259,2017SEN
SGP,2010,20.60946174,2010SGP
SGP,2011,19.34942078,2011SGP
SGP,2012,20.88649301,2012SGP
SGP,2013,18.70707148,2013SGP
SGP,2014,17.40887705,2014SGP
SGP,2015,20.66338947,2015SGP
SGP,2016,18.79780262,2016SGP
SGP,2017,19.0782565,2017SGP
SLB,2010,14.37425559,2010SLB
SLB,2011,14.37537331,2011SLB
SLB,2012,13.43024493,2012SLB
SLB,2013,12.55325496,2013SLB
SLB,2014,12.17203082,2014SLB
SLB,2015,12.69969555,2015SLB
SLB,2016,11.83068915,2016SLB
SLB,2017,11.87912184,2017SLB
SLE,2010,18.52888841,2010SLE
SLE,2011,18.74315581,2011SLE
SLE,2012,20.10129417,2012SLE
SLE,2013,18.43566679,2013SLE
SLE,2014,17.69823222,2014SLE
SLE,2015,22.52859793,2015SLE
SLE,2016,21.34393233,2016SLE
SLE,2017,21.62594668,2017SLE
SLV,2010,30.46194135,2010SLV
SLV,2011,33.62826513,2011SLV
SLV,2012,30.93397435,2012SLV
SLV,2013,30.75988157,2013SLV
SLV,2014,27.50259084,2014SLV
SLV,2015,26.47473092,2015SLV
SLV,2016,24.73648611,2016SLV
SLV,2017,24.47229229,2017SLV
SOM,2010,29.00018535,2010SOM
SOM,2011,31.23015581,2011SOM
SOM,2012,31.58710495,2012SOM
SOM,2013,29.5515726,2013SOM
SOM,2014,30.40108067,2014SOM
SOM,2015,32.01839243,2015SOM
SOM,2016,31.75174608,2016SOM
SOM,2017,32.03458423,2017SOM
SRB,2010,29.10058899,2010SRB
SRB,2011,31.03402776,2011SRB
SRB,2012,28.5847484,2012SRB
SRB,2013,27.43078591,2013SRB
SRB,2014,26.49207255,2014SRB
SRB,2015,26.95437789,2015SRB
SRB,2016,24.78062162,2016SRB
SRB,2017,24.72635819,2017SRB
SSA,2010,38.21440377,2010SSA
SSA,2011,38.36285444,2011SSA
SSA,2012,39.80916804,2012SSA
SSA,2013,37.88491382,2013SSA
SSA,2014,37.20962214,2014SSA
SSA,2015,45.65906955,2015SSA
SSA,2016,44.35648184,2016SSA
SSA,2017,44.6043324,2017SSA
SSD,2010,43.22533996,2010SSD
SSD,2011,45.10147241,2011SSD
SSD,2012,43.97405864,2012SSD
SSD,2013,42.64200121,2013SSD
SSD,2014,41.90056033,2014SSD
SSD,2015,47.76803169,2015SSD
SSD,2016,44.84657199,2016SSD
SSD,2017,45.57750557,2017SSD
SSF,2010,38.21263496,2010SSF
SSF,2011,38.36121415,2011SSF
SSF,2012,39.80739963,2012SSF
SSF,2013,37.88329478,2013SSF
SSF,2014,37.20808578,2014SSF
SSF,2015,45.6566585,2015SSF
SSF,2016,44.35425669,2016SSF
SSF,2017,44.60209591,2017SSF
SST,2010,29.34714178,2010SST
SST,2011,29.60182697,2011SST
SST,2012,30.07785874,2012SST
SST,2013,29.86595895,2013SST
SST,2014,28.86819795,2014SST
SST,2015,31.46494227,2015SST
SST,2016,30.07732997,2016SST
SST,2017,30.47224611,2017SST
STP,2010,27.12662111,2010STP
STP,2011,27.86024402,2011STP
STP,2012,25.91584337,2012STP
STP,2013,27.65881666,2013STP
STP,2014,27.86230189,2014STP
STP,2015,28.43209352,2015STP
STP,2016,28.6665386,2016STP
STP,2017,28.53958436,2017STP
SUR,2010,29.83188899,2010SUR
SUR,2011,31.03872183,2011SUR
SUR,2012,29.1336101,2012SUR
SUR,2013,28.80831685,2013SUR
SUR,2014,25.99884713,2014SUR
SUR,2015,25.9732844,2015SUR
SUR,2016,25.31697817,2016SUR
SUR,2017,24.78001054,2017SUR
SVK,2010,21.69021974,2010SVK
SVK,2011,21.76719851,2011SVK
SVK,2012,19.76493293,2012SVK
SVK,2013,19.31549268,2013SVK
SVK,2014,18.30418161,2014SVK
SVK,2015,18.8026457,2015SVK
SVK,2016,17.35366264,2016SVK
SVK,2017,17.56291134,2017SVK
SVN,2010,18.6816561,2010SVN
SVN,2011,19.5141379,2011SVN
SVN,2012,17.67007906,2012SVN
SVN,2013,17.57137864,2013SVN
SVN,2014,16.63270074,2014SVN
SVN,2015,17.12815192,2015SVN
SVN,2016,15.91273727,2016SVN
SVN,2017,16.02397998,2017SVN
SWE,2010,7.209759036,2010SWE
SWE,2011,7.391221331,2011SWE
SWE,2012,6.627941996,2012SWE
SWE,2013,6.431168897,2013SWE
SWE,2014,6.959197681,2014SWE
SWE,2015,6.322498333,2015SWE
SWE,2016,6.114258462,2016SWE
SWE,2017,6.18466509,2017SWE
SWZ,2010,18.12819268,2010SWZ
SWZ,2011,17.97331213,2011SWZ
SWZ,2012,18.1823313,2012SWZ
SWZ,2013,18.30780849,2013SWZ
SWZ,2014,17.97877739,2014SWZ
SWZ,2015,17.92480826,2015SWZ
SWZ,2016,17.14854776,2016SWZ
SWZ,2017,17.16878731,2017SWZ
SYC,2010,21.09126804,2010SYC
SYC,2011,21.61035805,2011SYC
SYC,2012,21.49533511,2012SYC
SYC,2013,20.96973692,2013SYC
SYC,2014,20.97051747,2014SYC
SYC,2015,20.05359496,2015SYC
SYC,2016,20.40382446,2016SYC
SYC,2017,20.17864936,2017SYC
SYR,2010,42.65768485,2010SYR
SYR,2011,41.12495285,2011SYR
SYR,2012,41.01683877,2012SYR
SYR,2013,41.91496819,2013SYR
SYR,2014,41.53448066,2014SYR
SYR,2015,44.31390854,2015SYR
SYR,2016,43.70255284,2016SYR
SYR,2017,43.75725947,2017SYR
TCD,2010,56.58662749,2010TCD
TCD,2011,55.19515958,2011TCD
TCD,2012,58.67538804,2012TCD
TCD,2013,53.0564069,2013TCD
TCD,2014,51.24716851,2014TCD
TCD,2015,68.68239375,2015TCD
TCD,2016,64.77076912,2016TCD
TCD,2017,66.0292055,2017TCD
TEA,2010,56.05483096,2010TEA
TEA,2011,56.6065491,2011TEA
TEA,2012,51.83335714,2012TEA
TEA,2013,52.63415277,2013TEA
TEA,2014,48.28311394,2014TEA
TEA,2015,47.49867543,2015TEA
TEA,2016,42.43189045,2016TEA
TEA,2017,42.67140529,2017TEA
TEC,2010,26.59969418,2010TEC
TEC,2011,26.33368942,2011TEC
TEC,2012,25.36222079,2012TEC
TEC,2013,24.86198725,2013TEC
TEC,2014,24.04547776,2014TEC
TEC,2015,25.12045017,2015TEC
TEC,2016,23.97877768,2016TEC
TEC,2017,24.07869299,2017TEC
TGO,2010,30.52294447,2010TGO
TGO,2011,30.85480627,2011TGO
TGO,2012,31.36920959,2012TGO
TGO,2013,29.56592775,2013TGO
TGO,2014,28.93629146,2014TGO
TGO,2015,38.35682101,2015TGO
TGO,2016,37.05110734,2016TGO
TGO,2017,35.73133561,2017TGO
THA,2010,31.56539944,2010THA
THA,2011,31.60962923,2011THA
THA,2012,31.52531464,2012THA
THA,2013,31.17472364,2013THA
THA,2014,29.36464114,2014THA
THA,2015,27.34456692,2015THA
THA,2016,26.25805467,2016THA
THA,2017,26.25672656,2017THA
TJK,2010,50.40541765,2010TJK
TJK,2011,54.319961,2011TJK
TJK,2012,48.98960355,2012TJK
TJK,2013,49.55313763,2013TJK
TJK,2014,46.48082923,2014TJK
TJK,2015,47.79297353,2015TJK
TJK,2016,43.37770931,2016TJK
TJK,2017,46.15218537,2017TJK
TKM,2010,24.85182927,2010TKM
TKM,2011,25.49609942,2011TKM
TKM,2012,23.80201005,2012TKM
TKM,2013,23.7218898,2013TKM
TKM,2014,22.08490686,2014TKM
TKM,2015,22.97054002,2015TKM
TKM,2016,21.74112228,2016TKM
TKM,2017,21.76772098,2017TKM
TLA,2010,21.07037187,2010TLA
TLA,2011,21.52004806,2011TLA
TLA,2012,20.45802841,2012TLA
TLA,2013,19.78004796,2013TLA
TLA,2014,18.39823316,2014TLA
TLA,2015,17.75161854,2015TLA
TLA,2016,16.69620206,2016TLA
TLA,2017,16.7060344,2017TLA
TLS,2010,23.49239604,2010TLS
TLS,2011,23.75671867,2011TLS
TLS,2012,22.46662382,2012TLS
TLS,2013,21.96462302,2013TLS
TLS,2014,20.45010047,2014TLS
TLS,2015,20.62318671,2015TLS
TLS,2016,20.01790265,2016TLS
TLS,2017,19.25720917,2017TLS
TMN,2010,50.35636957,2010TMN
TMN,2011,48.44597241,2011TMN
TMN,2012,48.99666745,2012TMN
TMN,2013,50.15950526,2013TMN
TMN,2014,49.41244326,2014TMN
TMN,2015,54.71259307,2015TMN
TMN,2016,54.63071276,2016TMN
TMN,2017,54.10477709,2017TMN
TON,2010,13.53194839,2010TON
TON,2011,13.5170884,2011TON
TON,2012,12.43817111,2012TON
TON,2013,12.14771339,2013TON
TON,2014,12.05763996,2014TON
TON,2015,11.31296782,2015TON
TON,2016,10.95142376,2016TON
TON,2017,10.78547886,2017TON
TSA,2010,89.16764514,2010TSA
TSA,2011,90.56946604,2011TSA
TSA,2012,82.73166317,2012TSA
TSA,2013,84.690261,2013TSA
TSA,2014,83.06717057,2014TSA
TSA,2015,82.72487678,2015TSA
TSA,2016,81.98118027,2016TSA
TSA,2017,82.86952124,2017TSA
TSS,2010,38.21263496,2010TSS
TSS,2011,38.36121415,2011TSS
TSS,2012,39.80739963,2012TSS
TSS,2013,37.88329478,2013TSS
TSS,2014,37.20808578,2014TSS
TSS,2015,45.6566585,2015TSS
TSS,2016,44.35425669,2016TSS
TSS,2017,44.60209591,2017TSS
TTO,2010,28.70418626,2010TTO
TTO,2011,29.85162487,2011TTO
TTO,2012,27.94250467,2012TTO
TTO,2013,27.15873901,2013TTO
TTO,2014,24.85584226,2014TTO
TTO,2015,24.8980769,2015TTO
TTO,2016,24.23048069,2016TTO
TTO,2017,24.10856843,2017TTO
TUN,2010,35.54548859,2010TUN
TUN,2011,33.86835212,2011TUN
TUN,2012,32.81580557,2012TUN
TUN,2013,35.65414466,2013TUN
TUN,2014,34.69205883,2014TUN
TUN,2015,36.30424932,2015TUN
TUN,2016,38.45049077,2016TUN
TUN,2017,37.65599375,2017TUN
TUR,2010,43.82122875,2010TUR
TUR,2011,40.54510881,2011TUR
TUR,2012,41.92091892,2012TUR
TUR,2013,42.06258311,2013TUR
TUR,2014,42.59577121,2014TUR
TUR,2015,45.4015556,2015TUR
TUR,2016,44.48275839,2016TUR
TUR,2017,44.31152568,2017TUR
TZA,2010,28.60753269,2010TZA
TZA,2011,28.72876866,2011TZA
TZA,2012,29.96984478,2012TZA
TZA,2013,29.35963299,2013TZA
TZA,2014,28.87371592,2014TZA
TZA,2015,28.2404487,2015TZA
TZA,2016,28.44356969,2016TZA
TZA,2017,29.07664051,2017TZA
UGA,2010,44.75869737,2010UGA
UGA,2011,47.06116817,2011UGA
UGA,2012,49.62672958,2012UGA
UGA,2013,47.72115871,2013UGA
UGA,2014,46.93056685,2014UGA
UGA,2015,48.94936019,2015UGA
UGA,2016,51.94410661,2016UGA
UGA,2017,50.49432132,2017UGA
UKR,2010,23.52265648,2010UKR
UKR,2011,23.97110359,2011UKR
UKR,2012,22.3287933,2012UKR
UKR,2013,21.5323995,2013UKR
UKR,2014,20.48689522,2014UKR
UKR,2015,21.24645457,2015UKR
UKR,2016,20.618187,2016UKR
UKR,2017,20.30977582,2017UKR
UMC,2010,49.41776161,2010UMC
UMC,2011,49.87393806,2011UMC
UMC,2012,45.97739278,2012UMC
UMC,2013,46.57975482,2013UMC
UMC,2014,42.9799373,2014UMC
UMC,2015,42.71493487,2015UMC
UMC,2016,38.57786739,2016UMC
UMC,2017,38.74828544,2017UMC
URY,2010,11.02705557,2010URY
URY,2011,11.4687322,2011URY
URY,2012,10.5672946,2012URY
URY,2013,10.45560559,2013URY
URY,2014,9.926816159,2014URY
URY,2015,9.65945432,2015URY
URY,2016,9.197441119,2016URY
URY,2017,9.27488332,2017URY
USA,2010,9.35863641,2010USA
USA,2011,9.740640607,2011USA
USA,2012,9.00316337,2012USA
USA,2013,8.734777211,2013USA
USA,2014,8.220720319,2014USA
USA,2015,8.063920222,2015USA
USA,2016,7.406464089,2016USA
USA,2017,7.409441662,2017USA
UZB,2010,32.07745356,2010UZB
UZB,2011,33.99383696,2011UZB
UZB,2012,31.6621061,2012UZB
UZB,2013,30.80519356,2013UZB
UZB,2014,28.9000361,2014UZB
UZB,2015,30.3943319,2015UZB
UZB,2016,27.8143471,2016UZB
UZB,2017,28.4559012,2017UZB
VCT,2010,26.39665862,2010VCT
VCT,2011,27.58281022,2011VCT
VCT,2012,25.75407882,2012VCT
VCT,2013,24.76218005,2013VCT
VCT,2014,23.03093206,2014VCT
VCT,2015,23.47317148,2015VCT
VCT,2016,22.07655177,2016VCT
VCT,2017,22.20051632,2017VCT
VEN,2010,21.68286882,2010VEN
VEN,2011,22.03310792,2011VEN
VEN,2012,21.24572753,2012VEN
VEN,2013,20.42894973,2013VEN
VEN,2014,19.10406153,2014VEN
VEN,2015,18.30300574,2015VEN
VEN,2016,16.76799384,2016VEN
VEN,2017,17.00855357,2017VEN
VIR,2010,12.75209971,2010VIR
VIR,2011,12.99373844,2011VIR
VIR,2012,12.23312314,2012VIR
VIR,2013,11.95551314,2013VIR
VIR,2014,11.1658167,2014VIR
VIR,2015,11.02889651,2015VIR
VIR,2016,10.26484343,2016VIR
VIR,2017,10.26531228,2017VIR
VNM,2010,39.36539699,2010VNM
VNM,2011,38.4869748,2011VNM
VNM,2012,37.22745154,2012VNM
VNM,2013,36.83590641,2013VNM
VNM,2014,34.89601505,2014VNM
VNM,2015,32.46644382,2015VNM
VNM,2016,30.24131157,2016VNM
VNM,2017,29.62672834,2017VNM
VUT,2010,14.12951255,2010VUT
VUT,2011,14.38296402,2011VUT
VUT,2012,13.24245239,2012VUT
VUT,2013,12.74069289,2013VUT
VUT,2014,11.93385168,2014VUT
VUT,2015,12.15721001,2015VUT
VUT,2016,11.59090896,2016VUT
VUT,2017,11.65277703,2017VUT
WLD,2010,50.24771686,2010WLD
WLD,2011,50.76662896,2011WLD
WLD,2012,47.529404,2012WLD
WLD,2013,47.94324524,2013WLD
WLD,2014,45.93996796,2014WLD
WLD,2015,47.22442898,2015WLD
WLD,2016,45.14917075,2016WLD
WLD,2017,45.52185907,2017WLD
WSM,2010,14.28809394,2010WSM
WSM,2011,14.69309609,2011WSM
WSM,2012,13.62788239,2012WSM
WSM,2013,13.38252208,2013WSM
WSM,2014,12.64355999,2014WSM
WSM,2015,12.32179572,2015WSM
WSM,2016,11.36629822,2016WSM
WSM,2017,11.54802701,2017WSM
YEM,2010,45.97946993,2010YEM
YEM,2011,50.83529078,2011YEM
YEM,2012,51.43445402,2012YEM
YEM,2013,52.99844335,2013YEM
YEM,2014,48.33865267,2014YEM
YEM,2015,54.26028666,2015YEM
YEM,2016,50.12762567,2016YEM
YEM,2017,50.45600689,2017YEM
ZAF,2010,27.13858684,2010ZAF
ZAF,2011,26.55787322,2011ZAF
ZAF,2012,26.57708662,2012ZAF
ZAF,2013,26.72926171,2013ZAF
ZAF,2014,26.72221238,2014ZAF
ZAF,2015,26.11297177,2015ZAF
ZAF,2016,25.14041614,2016ZAF
ZAF,2017,25.10220499,2017ZAF
ZMB,2010,28.8363786,2010ZMB
ZMB,2011,28.98711674,2011ZMB
ZMB,2012,29.74203953,2012ZMB
ZMB,2013,29.11222078,2013ZMB
ZMB,2014,28.49325189,2014ZMB
ZMB,2015,28.37545168,2015ZMB
ZMB,2016,27.35567371,2016ZMB
ZMB,2017,27.43803476,2017ZMB
ZWE,2010,23.2314787,2010ZWE
ZWE,2011,23.07421266,2011ZWE
ZWE,2012,23.19809712,2012ZWE
ZWE,2013,23.11108755,2013ZWE
ZWE,2014,22.80594966,2014ZWE
ZWE,2015,21.73370858,2015ZWE
ZWE,2016,21.72694718,2016ZWE
ZWE,2017,22.25167109,2017ZWE
